Id,Full_name,Phone,Practice_address,Specialty,Medical_License_Number,Npi_Number,Insurance_Network,Affiliation,Website,Email,Scanned_Documents
1,Dr. Molly Christensen,944.343.8755x794,"8974 Reese Roads, North Coreyfurt, MI 63460",Neurology,IZ305131,8286859759,UnitedHealth,Sunrise Medical Center,http://www.peterson.com/,nbarry@example.org,credentials_1.pdf
2,Dr. Jeffrey Collins,620.234.1957,"96111 Michael Drive, Penachester, OH 53136",Dermatology,JE548931,2515862631,Cigna,Apollo Hospital,https://www.morgan-hamilton.com/,lucas14@example.com,credentials_2.pdf
3,Dr. Rebecca Jenkins,433-551-6484x273,"3883 Walker Stream, Lake Donald, VI 34837",Cardiology,DX749969,7561565903,None,Fortis Care,http://mcdonald-white.biz/,rnorton@example.net,credentials_3.pdf
4,Dr. Kevin Duran,972-623-9080,"17770 Barbara Manor, New Patriciaview, AL 92495",Psychiatry,NT143322,6987034909,None,City Hospital,http://valdez.com/,jillianwilliams@example.com,credentials_4.pdf
5,Dr. David Gibbs,001-590-354-5099,"Unit 8606 Box 9656, DPO AA 60149",General Surgery,TS833603,3817264305,None,Global Health Clinic,https://brown.com/,chadcoleman@example.net,credentials_5.pdf
6,Dr. Holly Bradley,770.530.1270x30453,"826 Thomas Isle Apt. 121, Lake Priscillashire, AL 24095",Orthopedics,HG744762,7054651817,BlueCross,LifeCare Clinic,http://www.mcintosh-mcgee.net/,haneyderek@example.net,credentials_6.pdf
7,Dr. Elizabeth Johnson,001-329-695-0270,"27113 Jessica Ports, Heathhaven, NH 49959",Pediatrics,DA862231,6425936734,Aetna,Global Health Clinic,http://www.robinson-ramirez.com/,teresavelasquez@example.org,credentials_7.pdf
8,Dr. Sheila Hernandez,848-415-4716x858,"879 Bryan Ford, Ashleyville, ID 31228",Cardiology,RL673275,8220964128,UnitedHealth,Fortis Care,http://allen.com/,casey00@example.com,credentials_8.pdf
9,Dr. Jacqueline Glover,+1-686-273-2411x09669,"86222 Farrell Landing Apt. 700, Taylorchester, MT 52917",Radiology,NR588681,4825247245,Cigna,Apollo Hospital,http://kirby-williams.com/,sloanchristina@example.com,credentials_9.pdf
10,Dr. Jeffrey Scott,+1-581-269-4053x8310,"1255 Sharon Crest, Port Courtneybury, AK 06589",Orthopedics,ZL110060,6986807597,BlueCross,City Hospital,http://www.little-freeman.com/,jacksonbernard@example.org,credentials_10.pdf
11,Dr. James Brown,340-446-5989,"8513 Mark Mission Suite 523, Jeffersonport, DC 69749",Orthopedics,BB669856,4670981233,Aetna,Sunrise Medical Center,https://bowers-stevenson.com/,william19@example.org,credentials_11.pdf
12,Dr. Melanie Figueroa,001-947-589-8984x2547,"962 Cole Junction Apt. 306, Peterside, AZ 50349",Psychiatry,BY804973,4510383945,None,Sunrise Medical Center,http://www.lopez.com/,alicia22@example.com,credentials_12.pdf
13,Dr. David Adams,418.518.6395x73949,"4589 Steve Canyon Apt. 191, Donaldborough, ME 69226",Cardiology,ZS916173,1870778404,BlueCross,City Hospital,https://gray-vasquez.net/,chadgonzales@example.com,credentials_13.pdf
14,Dr. Rebekah Marks,+1-365-500-1593x12740,"428 Mccall Meadow, New David, OR 31666",General Surgery,ZK948421,7975578942,Cigna,LifeCare Clinic,https://www.wolfe-jones.com/,nsmith@example.net,credentials_14.pdf
15,Dr. Natasha Garcia,(471)310-0759,"Unit 0891 Box 2779, DPO AA 12030",Cardiology,IT374998,8876897241,Cigna,Apollo Hospital,https://harvey.com/,michael61@example.net,credentials_15.pdf
16,Dr. Frederick Atkinson,(926)698-0396x36959,"4601 Kevin Viaduct, Kirktown, MP 83911",Radiology,RH933549,7560500743,BlueCross,Sunrise Medical Center,http://cunningham.org/,elizabethclark@example.org,credentials_16.pdf
17,Dr. Gordon Novak,563.952.5071x171,"505 Peter Plaza Apt. 698, Elizabethstad, ME 97248",Radiology,XK688007,7658319621,Aetna,LifeCare Clinic,https://www.boyd.info/,lruiz@example.net,credentials_17.pdf
18,Dr. Patricia Scott,256.273.8512x1324,"9486 Kristi Plaza, Port Kathleenfurt, NY 63070",Psychiatry,MS625055,8775416755,None,LifeCare Clinic,http://ferguson-rodriguez.com/,stanleyedwards@example.org,credentials_18.pdf
19,Dr. Johnathan Torres,+1-985-591-1869,"101 Johnston Creek Apt. 420, Jasonport, AS 65536",Dermatology,WF573726,5577858925,Cigna,LifeCare Clinic,https://www.schroeder.com/,yolandadavis@example.com,credentials_19.pdf
20,Dr. Daniel Rodriguez,001-502-533-2681x3696,"418 Stevenson Brook Suite 046, Lake Sandraview, OK 99907",Cardiology,YT415339,7733562177,None,Global Health Clinic,https://www.morrison.org/,cameron64@example.net,credentials_20.pdf
21,Dr. Stacy Moore,709-275-5082x75087,"1426 Long Via Suite 827, Port Allisonville, MS 99674",Pediatrics,QA571917,2431682246,None,City Hospital,https://www.hernandez.net/,norrisdebbie@example.net,credentials_21.pdf
22,Dr. Nicole Anderson,4004967801,"05740 Alexander Well Apt. 817, North Dan, ND 22487",General Surgery,UE676914,3711139674,Cigna,City Hospital,http://www.monroe.com/,milesjennifer@example.org,credentials_22.pdf
23,Dr. Cameron Wilson,(953)398-2352x4885,"168 Meredith Isle Suite 766, Lake Stevenshire, LA 32964",Dermatology,WC610451,3400366391,None,Fortis Care,https://walker.com/,gstevenson@example.org,credentials_23.pdf
24,Dr. Erin Martin,+1-625-209-0888x12134,"8727 Garcia Parks, Port Jimmy, PA 83177",Neurology,JF745096,5540269646,Aetna,Sunrise Medical Center,https://morris-graham.net/,smithluke@example.org,credentials_24.pdf
25,Dr. Alexander Tran,355.997.1829,"2208 Sabrina Ville, Lake Jill, OH 41667",Radiology,XC277199,4808916616,BlueCross,Apollo Hospital,https://www.brock-lee.com/,dsmith@example.com,credentials_25.pdf
26,Dr. Michael Bell,887-370-8751,"Unit 2900 Box 5204, DPO AP 80886",Psychiatry,IZ490626,8051465278,Cigna,Sunrise Medical Center,http://mason.net/,melissadiaz@example.com,credentials_26.pdf
27,Dr. Alyssa Bates,+1-948-650-4350x44771,"080 Green Village, Lake Jennifer, VT 72184",Orthopedics,WF425000,4981695320,Cigna,Apollo Hospital,http://davidson.com/,maydustin@example.org,credentials_27.pdf
28,Dr. Destiny Garcia,477-208-8862,"PSC 3362, Box 5797, APO AA 07119",Psychiatry,LS950261,7259739515,None,Global Health Clinic,http://www.jordan-smith.com/,harveyjeremy@example.com,credentials_28.pdf
29,Dr. Albert Ramos,(894)569-3813x91868,"170 Hardy Common, South Alyssa, NY 77979",Pediatrics,QW560477,7826204364,Aetna,City Hospital,https://harris.com/,qholden@example.org,credentials_29.pdf
30,Dr. Chris Bradley,530-879-8740x6061,"06701 Jackson Underpass Apt. 826, Nathanbury, AL 27071",Orthopedics,MB432551,8459529273,UnitedHealth,Apollo Hospital,https://www.kim-garcia.net/,shelby55@example.net,credentials_30.pdf
31,Dr. Thomas Hull,690.518.5639,"666 Jerry Shoals, Port Laurie, WY 71728",Orthopedics,XI991233,6947321669,None,Sunrise Medical Center,https://white-perry.net/,newtonlarry@example.org,credentials_31.pdf
32,Dr. Sabrina Spencer,001-261-645-0888,"9913 Harris Grove, Thomasstad, ID 71125",Psychiatry,BN337922,5552818515,UnitedHealth,Global Health Clinic,https://doyle.com/,ryangordon@example.net,credentials_32.pdf
33,Dr. Amanda Bell,371-913-9383x592,"49681 Obrien Terrace, Port Gregoryfurt, MN 93804",Dermatology,WV540071,8598673987,BlueCross,Fortis Care,http://www.morgan-flores.com/,jhampton@example.org,credentials_33.pdf
34,Dr. Adam Powell,9256734628,"4482 Darlene Valley Apt. 606, Davidside, RI 59475",Cardiology,QK163274,6140068445,UnitedHealth,Sunrise Medical Center,http://www.morgan.com/,youngjesse@example.com,credentials_34.pdf
35,Dr. Amber Medina,(954)912-9451x5648,"3078 Alexander Falls Suite 292, Hudsontown, ND 62313",Psychiatry,BP980930,7303098749,None,Global Health Clinic,https://landry.com/,wilsonjames@example.org,credentials_35.pdf
36,Dr. Ryan Waller,4076984019,"6813 Tucker Knoll Apt. 877, Jaredside, UT 91562",Dermatology,NR735688,1058583369,UnitedHealth,Fortis Care,https://lane-wong.com/,tyler39@example.org,credentials_36.pdf
37,Dr. Kimberly Wilcox,+1-303-912-6343,"868 Marshall Path Apt. 166, Anitatown, DC 43037",General Surgery,OI180515,6882915522,None,City Hospital,http://www.lopez-miranda.net/,brandonmartin@example.org,credentials_37.pdf
38,Dr. Tyler Romero,834-889-4957x72547,"66003 Theodore Wells, South Erin, TN 10189",Radiology,LD932171,2330834131,Aetna,Fortis Care,http://www.anderson-gonzalez.com/,williamskaylee@example.net,credentials_38.pdf
39,Dr. Kelly Harrell,693-379-2523x6635,"56611 Linda Manors, Johnsonfort, VI 35665",Neurology,FV454628,9499357246,None,Sunrise Medical Center,https://www.lewis-dawson.com/,jonesjennifer@example.net,credentials_39.pdf
40,Dr. Christopher Brooks,001-725-511-2409x83788,"060 Crawford Divide Suite 102, South Amy, NC 44953",Pediatrics,OO141742,8131568601,BlueCross,Apollo Hospital,https://gray.com/,znash@example.org,credentials_40.pdf
41,Dr. Brian Hutchinson,(424)565-4809,"87470 Thomas Neck, Kelleyberg, NM 01169",Cardiology,PH952340,1309415256,Cigna,LifeCare Clinic,https://villarreal.org/,bowmancharles@example.org,credentials_41.pdf
42,Dr. Michael Blake,(497)528-2895x880,"2307 Jason Wells, Jasminechester, MO 16647",Neurology,OM597217,6548030321,BlueCross,LifeCare Clinic,http://www.cunningham.com/,randy13@example.org,credentials_42.pdf
43,Dr. Jill Rodriguez,(548)519-5962x8798,"40875 Alexander Parkways, East Sean, TX 09357",Neurology,NY260909,8315741858,None,City Hospital,https://www.galvan.info/,ghernandez@example.com,credentials_43.pdf
44,Dr. Andrew Rogers,466.917.7277,"899 Orr Hollow, East Cassandra, FL 04765",General Surgery,DY157035,5202775414,BlueCross,Sunrise Medical Center,https://www.figueroa-mckenzie.org/,bakerelizabeth@example.org,credentials_44.pdf
45,Dr. Bradley Harris,409-552-2302x341,"69794 Moreno Underpass Suite 296, Kellyburgh, CA 16171",Cardiology,SG866420,1207264334,None,City Hospital,https://www.scott.biz/,pdavis@example.net,credentials_45.pdf
46,Dr. John Thompson,+1-457-352-5873x649,"301 Morris Camp, New Ericaview, ME 91142",Dermatology,MF553609,2756663870,UnitedHealth,Fortis Care,https://williams-goodwin.com/,steven53@example.com,credentials_46.pdf
47,Dr. Darryl Oneill,464.378.5183,"806 Paul Glens Suite 932, New Randy, MD 82074",Orthopedics,PX652176,5555020761,BlueCross,LifeCare Clinic,http://taylor.com/,lgonzales@example.com,credentials_47.pdf
48,Dr. Barbara Scott,(858)734-9842,"Unit 4105 Box 3377, DPO AA 37627",Psychiatry,AI349594,3884622545,UnitedHealth,Fortis Care,https://www.rivera.com/,jennifer63@example.com,credentials_48.pdf
49,Dr. Michael Ortega,+1-685-854-5072x531,"54279 Alyssa Village Suite 438, East Ericville, ID 08097",Cardiology,UZ409351,3861776480,UnitedHealth,Apollo Hospital,http://www.davis.com/,hmorris@example.org,credentials_49.pdf
50,Dr. Jerry Mckinney,+1-532-948-3280x57258,"38825 Amanda Lane, West Christopher, ID 30111",Orthopedics,ZN571974,3800504886,BlueCross,LifeCare Clinic,https://shannon.com/,sherrycastaneda@example.org,credentials_50.pdf
51,Dr. Valerie Kelley,001-329-218-6288x24352,"027 Ford Glens, Johnsonberg, HI 19386",Cardiology,TK852608,1143077945,UnitedHealth,Global Health Clinic,http://ross.info/,jack89@example.net,credentials_51.pdf
52,Dr. Jordan Anderson,(940)473-3154x225,"21360 Santiago Curve Apt. 012, New Ruthbury, RI 78621",General Surgery,CJ645192,4510816921,UnitedHealth,Fortis Care,http://wallace.biz/,uleach@example.com,credentials_52.pdf
53,Dr. Darren Williams,(546)263-6999x4656,"USCGC Johnson, FPO AE 93457",Psychiatry,QQ449187,6579946753,UnitedHealth,LifeCare Clinic,https://www.robertson-perez.com/,joseph74@example.org,credentials_53.pdf
54,Dr. Adriana Elliott,4028809836,"Unit 3251 Box 0031, DPO AP 70396",Dermatology,HM795352,6768380921,BlueCross,Apollo Hospital,http://www.owens-strong.net/,williamskathryn@example.com,credentials_54.pdf
55,Dr. Jose Hoover,235-379-4161x279,"5467 Karen Square, North Kevinmouth, NV 95500",Orthopedics,CH850311,7038422014,UnitedHealth,Apollo Hospital,https://www.martin.com/,velazquezmark@example.com,credentials_55.pdf
56,Dr. Karen Wolf,857-708-1705x346,"989 Christina Oval, Lake Jonathanburgh, IN 34574",Neurology,FX603198,3669507462,Aetna,Sunrise Medical Center,http://www.wilkins-gray.com/,krodriguez@example.net,credentials_56.pdf
57,Dr. Robert Johnson,+1-762-454-7735x5547,"2276 Cameron Courts, West Jessicaview, MT 46728",Neurology,ZZ185553,1632008105,Aetna,City Hospital,http://smith.com/,jonesannette@example.net,credentials_57.pdf
58,Dr. Samantha Davis,(864)819-6165x92713,"19879 Michele Manors, Annaberg, AK 55054",Pediatrics,HS131525,4834516575,Cigna,Sunrise Medical Center,https://www.stevenson.com/,georgeeric@example.org,credentials_58.pdf
59,Dr. Christopher Montgomery,9965673377,"6103 Curry Station Apt. 239, Thomasfurt, UT 12622",Radiology,DL465965,8922538004,Cigna,City Hospital,https://anderson.com/,weavertyler@example.net,credentials_59.pdf
60,Dr. Mckenzie Jones,(304)830-6590x47770,"44370 Jordan Isle Suite 167, Martinshire, GA 95455",Cardiology,JG690988,4571584043,Cigna,Fortis Care,http://jackson.com/,tyler28@example.org,credentials_60.pdf
61,Dr. Gregory Cox,+1-510-445-5812x1286,"062 Flores Hill Apt. 806, Hayleyhaven, OR 23621",Cardiology,BM678713,3274840777,UnitedHealth,Global Health Clinic,https://www.parker-baker.net/,shammond@example.com,credentials_61.pdf
62,Dr. Jason Fisher,+1-419-340-9485x31227,"10949 Stephanie Road, Lake Aprilhaven, ME 49975",Neurology,CM568165,1180067822,BlueCross,Apollo Hospital,http://www.brown.info/,ashleymartinez@example.org,credentials_62.pdf
63,Dr. Trevor Russell,595.282.9783x7496,"0013 Herman Mall Apt. 624, Traciburgh, AS 63950",Orthopedics,RT819533,1832403605,Aetna,Apollo Hospital,https://reeves.net/,jonesjames@example.com,credentials_63.pdf
64,Dr. Rebecca Tucker,355.202.1475x01319,"2491 Anderson Manor, Lake Tiffanyton, SC 21283",Psychiatry,FV880023,2958168140,Aetna,Global Health Clinic,http://www.long.biz/,darlene86@example.net,credentials_64.pdf
65,Dr. Kevin Smith,001-857-509-6581x3996,"951 Briana Parkway Apt. 370, West Timothy, AR 71831",Radiology,BQ262969,8470154763,Aetna,Apollo Hospital,http://howell.com/,pbradley@example.net,credentials_65.pdf
66,Dr. Brenda Gomez,715-752-6613x55790,"8482 Li Garden, East Robert, CO 18295",General Surgery,YL793041,8748395351,Cigna,LifeCare Clinic,https://www.sanchez-johns.com/,haleylarry@example.net,credentials_66.pdf
67,Dr. Paula Washington,594.867.3560x90694,"7477 Tyler Prairie, Castanedahaven, MH 97497",Psychiatry,KL367843,6148178773,BlueCross,LifeCare Clinic,https://duarte.info/,cmorales@example.net,credentials_67.pdf
68,Dr. Dustin Sherman,7597788247,"811 Patricia Spring Apt. 673, Carolynbury, VT 23534",Psychiatry,QF115959,3858834279,UnitedHealth,LifeCare Clinic,https://clark.com/,stephensangela@example.org,credentials_68.pdf
69,Dr. Thomas Wood,(467)741-1854x7073,"Unit 6317 Box 3064, DPO AA 98096",Radiology,GA241409,3420130651,UnitedHealth,Fortis Care,https://alvarado-kim.com/,charleslee@example.com,credentials_69.pdf
70,Dr. Kathleen Watts,903.669.4998x626,"9592 Walton Circle Suite 898, Lopezbury, CO 92320",Pediatrics,MW653980,2628480460,Aetna,Global Health Clinic,https://www.jones-alvarez.org/,amandavaldez@example.com,credentials_70.pdf
71,Dr. Nancy Willis,001-398-215-2856,"795 Angie Parks Suite 639, North Frankport, CO 75623",Cardiology,SE523646,2569910105,UnitedHealth,LifeCare Clinic,http://braun-montgomery.com/,michaelmckinney@example.org,credentials_71.pdf
72,Dr. Elizabeth Ingram,6787467940,"5124 Brandon Estate, Kathrynside, MS 88968",Pediatrics,JJ502921,5358214344,None,City Hospital,http://www.velasquez.com/,meadowsjason@example.net,credentials_72.pdf
73,Dr. Michelle Davis,869-253-4791x8364,"472 Jacob Avenue Apt. 804, Heatherfort, AZ 53035",Neurology,ZG660591,4449999729,BlueCross,LifeCare Clinic,https://www.patterson.com/,campbellcourtney@example.com,credentials_73.pdf
74,Dr. Dana Holland,+1-962-357-1244x106,"072 Andrea Centers Suite 658, East James, OH 73390",Neurology,OR795573,3984133519,None,Apollo Hospital,https://www.roth.com/,baileymadison@example.net,credentials_74.pdf
75,Dr. Patricia Sanchez,001-959-580-3899x063,"Unit 1951 Box 8880, DPO AE 67005",Psychiatry,QF217302,2482544852,None,Apollo Hospital,https://harding.com/,kelly47@example.net,credentials_75.pdf
76,Dr. Scott Oneal,+1-521-711-2303x7010,"096 Shirley Oval, Phillipsshire, GA 60219",Orthopedics,WY105197,7297450792,Aetna,Global Health Clinic,https://lynch.com/,whowell@example.net,credentials_76.pdf
77,Dr. Johnny Mcdonald,2876467487,"6005 Katelyn Wells, Chelseaberg, VI 58067",Radiology,IK130747,5388131897,Cigna,Fortis Care,https://www.alvarez.com/,nhiggins@example.org,credentials_77.pdf
78,Dr. Luis Martin,752.760.8949x3997,"987 Sara Rue, Brandonhaven, GA 03513",Psychiatry,MF594496,2323013257,UnitedHealth,Global Health Clinic,https://miller-henderson.net/,wlee@example.net,credentials_78.pdf
79,Dr. Amanda Zuniga,348.840.3545,"72243 Baker Drives Suite 230, Acostaton, MP 37562",Cardiology,QP729191,5196002317,Aetna,Global Health Clinic,http://www.perez.com/,arieltorres@example.org,credentials_79.pdf
80,Dr. Rebecca Johnson,(870)787-4568x6545,"4491 Jesse Field Apt. 416, Martinezport, WY 54624",Neurology,LJ190132,7486917303,Aetna,Apollo Hospital,https://wilkins-rubio.com/,andersonalexis@example.org,credentials_80.pdf
81,Dr. Valerie Graham,(364)575-0439x185,"0562 Mccormick Freeway, Collinsmouth, KY 35489",Orthopedics,PN820983,9474524978,Cigna,Global Health Clinic,http://www.phillips.com/,brianwillis@example.net,credentials_81.pdf
82,Dr. Larry Gonzalez,923-981-1081x592,"2250 Anita Course Apt. 346, West Jennifer, CO 62305",Psychiatry,VE423409,8380485058,BlueCross,Global Health Clinic,http://ward.com/,xsullivan@example.com,credentials_82.pdf
83,Dr. Deanna Powell,402-460-8452x384,"844 Jay Crescent, Wheelerchester, AZ 92845",Neurology,UB985650,2480715273,BlueCross,Global Health Clinic,https://www.montoya.com/,kenneth77@example.net,credentials_83.pdf
84,Dr. Bryan Combs,001-399-429-6608x368,"72697 Hubbard Station, Walkertown, VT 12228",Radiology,NJ952385,3713602728,Aetna,Sunrise Medical Center,http://www.cantrell.net/,powellkelsey@example.net,credentials_84.pdf
85,Dr. Frank Wilson,001-912-233-2264x6429,"523 Ashley Cliffs Suite 752, Port Josephshire, MN 33192",Cardiology,LS423975,4703170250,Cigna,Global Health Clinic,https://www.hutchinson.com/,tracymiller@example.net,credentials_85.pdf
86,Dr. Andrew Massey,+1-791-776-2032,"683 Evan Divide Apt. 737, New Benjamin, CO 65367",Dermatology,XS116842,5737692500,Aetna,Global Health Clinic,http://www.edwards.com/,hamiltonbrandy@example.com,credentials_86.pdf
87,Dr. Michelle Reed,+1-953-519-8538x9689,"396 Stacy Corners, Lake Tyrone, RI 72142",Psychiatry,JI931965,5666805503,BlueCross,Apollo Hospital,http://simmons.com/,danieljohnson@example.org,credentials_87.pdf
88,Dr. Christina Brown,258.468.0796,"6125 Adams Hill Suite 043, Mcgeemouth, SD 72460",Dermatology,ZJ485735,8167021664,Cigna,Global Health Clinic,https://www.torres.com/,jefferyharris@example.com,credentials_88.pdf
89,Dr. Shannon Miller,(912)423-9489,"68431 Dennis Lakes Suite 772, Lake Nicholasfort, NM 57425",General Surgery,CF505311,6645426061,UnitedHealth,Fortis Care,http://fox.com/,hartmanwilliam@example.org,credentials_89.pdf
90,Dr. Linda Jordan,2966010797,"USCGC Castaneda, FPO AE 77514",Orthopedics,QC329822,8053553130,BlueCross,Fortis Care,http://www.johnson-ramirez.com/,jonathanmontoya@example.org,credentials_90.pdf
91,Dr. Christopher Campbell,7346932807,"0276 Mitchell Forks Suite 322, New Michaelville, NH 14092",Orthopedics,EZ749056,8402175211,Cigna,Apollo Hospital,https://www.smith-walker.org/,stephanie04@example.org,credentials_91.pdf
92,Dr. Hunter Page,545.213.5587x73192,"Unit 2181 Box 8042, DPO AP 98547",Orthopedics,UW308309,8409067845,UnitedHealth,Fortis Care,https://edwards.com/,lori84@example.org,credentials_92.pdf
93,Dr. Brenda Fox,441.889.9493x623,"098 William Pike Apt. 819, Barrettmouth, NY 40075",Radiology,IF182809,7021531997,None,Sunrise Medical Center,https://davis.com/,adamskirsten@example.org,credentials_93.pdf
94,Dr. Scott Martin,001-947-855-1906x30765,"86516 Oneal Turnpike Suite 712, Williamsport, MP 50759",Neurology,GO397525,9123111425,Aetna,Sunrise Medical Center,https://www.davis-martin.com/,jscott@example.com,credentials_94.pdf
95,Dr. Jacqueline Chavez,(220)580-0255x859,"1056 Davis Drives Apt. 349, Lake Sherryburgh, AK 06440",Neurology,OE348643,2435409443,UnitedHealth,Fortis Care,https://www.johnson.com/,deborah80@example.org,credentials_95.pdf
96,Dr. Erika Mclean,520.539.2703,"896 Kara Circles, Jasonstad, HI 68272",Psychiatry,ME272256,5803637270,None,Sunrise Medical Center,http://www.farley-clark.org/,gonzalesdiane@example.com,credentials_96.pdf
97,Dr. Joseph Wood,946.799.0395x7422,"03372 Williams Keys Suite 247, South Benjaminberg, FM 56601",Neurology,HE757614,1550478570,BlueCross,Global Health Clinic,https://www.mills.com/,patricia83@example.org,credentials_97.pdf
98,Dr. Kristin Rios,001-720-975-7331x910,"5371 Mann Mews Suite 274, Garciahaven, VI 47606",Radiology,ZJ413491,5463024458,None,Fortis Care,http://clark.com/,carrollmichael@example.org,credentials_98.pdf
99,Dr. Eric Brown,746.476.7061x2263,"225 Erica Estate Apt. 479, West Danielle, AZ 26875",General Surgery,JK784481,3263954993,BlueCross,Apollo Hospital,https://www.barnett.org/,rebeccareed@example.org,credentials_99.pdf
100,Dr. Russell Reyes,569-204-0026x488,"2697 Wesley Squares Suite 298, Williamsville, MA 97141",General Surgery,AK873542,7034330180,Cigna,Sunrise Medical Center,http://www.young-hernandez.net/,james05@example.com,credentials_100.pdf
101,Dr. Preston Randolph,(400)345-5715x090,"41476 Zamora Park Suite 691, North Stacy, MI 46435",General Surgery,TX494322,8079038765,Aetna,Sunrise Medical Center,http://www.ponce-smith.info/,kchavez@example.net,credentials_101.pdf
102,Dr. James Davis,384-318-1128,"79060 Brandi Estates Apt. 684, Lake Barbaraland, NH 23878",Radiology,EK508759,8795149724,BlueCross,Fortis Care,https://www.mccarthy.info/,james58@example.net,credentials_102.pdf
103,Dr. Daniel Williamson,836.618.2142x560,"PSC 1382, Box 8373, APO AP 64312",Psychiatry,QQ284290,2612385891,None,Fortis Care,https://www.smith.com/,anthonyandrews@example.org,credentials_103.pdf
104,Dr. Robert Garcia,686.475.0169,"809 Shelby Stravenue, Port Lisabury, VI 71568",Pediatrics,CF237437,1649990582,None,City Hospital,https://mendoza-key.com/,mark37@example.com,credentials_104.pdf
105,Dr. Maria Smith,201-794-2779x7931,"854 Kenneth Gardens, South Melinda, NM 22732",Orthopedics,JO598032,7217348802,BlueCross,Apollo Hospital,http://www.gibson.org/,parkereric@example.com,credentials_105.pdf
106,Dr. Richard Watson,(741)450-7292x4731,"36806 Parker Forest Apt. 621, West Shannonton, PW 75679",Neurology,RK139265,2626803650,BlueCross,Apollo Hospital,http://www.foster.com/,shuber@example.net,credentials_106.pdf
107,Dr. Laura Williamson,808.900.2675x5833,"2796 Bailey Freeway Apt. 736, New Lisa, OR 86326",Orthopedics,UW945508,7622353568,BlueCross,Sunrise Medical Center,http://nguyen-krueger.biz/,alyssaedwards@example.net,credentials_107.pdf
108,Dr. Jennifer Mcdonald,(743)963-9277x523,"716 Jonathan Parkway, Lake Valerie, IA 02881",Cardiology,SQ306000,3761535983,Aetna,Sunrise Medical Center,https://murphy.com/,ashleywilson@example.com,credentials_108.pdf
109,Dr. Julia Johnson,(312)271-7118x83492,"PSC 6745, Box 3398, APO AE 43832",Psychiatry,ZB868588,2411748246,Aetna,Fortis Care,https://www.lewis.com/,robertssuzanne@example.net,credentials_109.pdf
110,Dr. Ashley Jones,(369)679-8099x852,"Unit 8747 Box 1866, DPO AP 82665",Psychiatry,YA821926,4808852051,Cigna,Fortis Care,https://www.hines-harper.com/,johnsonandrew@example.org,credentials_110.pdf
111,Dr. Bradley Shah,(921)570-7825x21578,"916 Gregory Heights, New Lisashire, ME 58678",Psychiatry,FO265952,7451151624,UnitedHealth,Global Health Clinic,http://www.phillips.com/,lynchjoseph@example.com,credentials_111.pdf
112,Dr. Roger Black,780.940.0034,"3470 Nicole Keys Apt. 614, East Denise, KY 22084",Psychiatry,ZL472015,8755540288,UnitedHealth,Apollo Hospital,https://www.johnson.biz/,ishaw@example.net,credentials_112.pdf
113,Dr. Melissa Miller,(317)917-4944x8272,"377 Morales Trafficway, New Brianhaven, VT 66846",Pediatrics,LG733119,6478166357,None,Global Health Clinic,http://carter.com/,adamcraig@example.org,credentials_113.pdf
114,Dr. Carlos Moody,504-229-3192x395,"USCGC Young, FPO AE 79210",Orthopedics,EL450156,9364346832,Cigna,Fortis Care,http://khan-morales.net/,rkelley@example.net,credentials_114.pdf
115,Dr. Nancy Rodriguez,(811)415-9501x3666,"08638 Maxwell Junctions, Andrewton, ND 33567",Radiology,AL900667,6843618177,Aetna,Global Health Clinic,http://sims.com/,tfuller@example.com,credentials_115.pdf
116,Dr. Steven Rogers,381.246.1785x63179,"16780 Olson Path, Scottborough, CO 48631",Radiology,ZF651586,5380892036,Aetna,City Hospital,https://perez.com/,kennethbrown@example.net,credentials_116.pdf
117,Dr. Travis Larson,4937534631,"712 James Forks Apt. 722, North Russell, OR 11034",Radiology,WI223368,6738507467,Cigna,City Hospital,http://nelson.com/,ramosdiane@example.org,credentials_117.pdf
118,Dr. Janet Miller,568.573.6993,"47785 Moore Drive, Brownburgh, NC 39922",Radiology,ZI167403,2490924964,Cigna,Apollo Hospital,https://turner.net/,hgamble@example.net,credentials_118.pdf
119,Dr. William Hall,001-296-772-0574x04731,"577 Nicholas Shores, Port Hollytown, OK 10027",Neurology,CZ872352,1940010500,UnitedHealth,Fortis Care,http://www.reynolds-jimenez.net/,priscilla33@example.com,credentials_119.pdf
120,Dr. David Harper,(392)904-9334x006,"6591 White Parkways Suite 470, New Roberta, OK 26249",General Surgery,VR697037,9086919001,Aetna,Apollo Hospital,http://henderson.info/,angela60@example.net,credentials_120.pdf
121,Dr. Jill Gonzalez,+1-935-651-9871x622,"2907 Christopher Court, Lunaberg, ME 66227",Dermatology,QR202818,8267796950,Cigna,Sunrise Medical Center,http://www.bass.com/,hailey21@example.org,credentials_121.pdf
122,Dr. Margaret Martinez,383-543-6089x9646,"114 Smith Junction, Emilyview, MT 23916",Neurology,OT745054,9256710616,None,Sunrise Medical Center,https://brown.net/,donald99@example.com,credentials_122.pdf
123,Dr. Brianna Johnson,(520)347-1954,"PSC 9997, Box 4019, APO AA 87470",Psychiatry,HJ539973,9643264667,None,LifeCare Clinic,https://pierce.info/,zwoodward@example.com,credentials_123.pdf
124,Dr. Jeffrey Miller,982-476-8247x0291,"26814 Sean Fords, Heatherchester, IA 87973",Pediatrics,CO731250,3309178515,UnitedHealth,Global Health Clinic,http://jordan.info/,pgrant@example.com,credentials_124.pdf
125,Dr. Kevin Flores,455-328-3160x55583,"5261 Crosby Fall, Lynnport, TX 26634",Neurology,KE692933,3931030751,BlueCross,Apollo Hospital,https://www.johnson-patterson.com/,hfarrell@example.com,credentials_125.pdf
126,Dr. Paul Brown,460.258.3255x145,"Unit 2113 Box 0358, DPO AE 78831",Pediatrics,UB735657,2515826145,BlueCross,LifeCare Clinic,http://williams-mccormick.com/,leahjones@example.org,credentials_126.pdf
127,Dr. Allison White,480.771.5959x1133,"0508 Antonio Valley Apt. 095, New Juliebury, VA 61472",Orthopedics,ZZ606861,9473019689,Cigna,LifeCare Clinic,https://myers-melendez.info/,kelly01@example.net,credentials_127.pdf
128,Dr. Justin Lindsey,679-859-2409x1778,"53144 Lisa Bridge Apt. 836, South Maria, WA 72561",Neurology,BX263895,4617453134,Cigna,Fortis Care,https://www.pennington.com/,mccoybradley@example.net,credentials_128.pdf
129,Dr. Anthony Collins,884.696.1655x3952,"1341 Reyes Knolls, Samuelview, HI 11882",Radiology,XX690698,2401046272,Cigna,LifeCare Clinic,https://whitney-burns.info/,walterkoch@example.org,credentials_129.pdf
130,Dr. John Martinez,324-790-6003x316,"6561 Russell Ramp, Lake Ryan, OK 58681",General Surgery,RT696310,6082071817,UnitedHealth,City Hospital,http://morales-torres.com/,christinele@example.org,credentials_130.pdf
131,Dr. Jon Bailey,+1-472-367-9575x22826,"4422 Katrina Gateway Suite 471, West Lisa, SC 30587",Psychiatry,GF600485,5983149414,Aetna,City Hospital,https://www.burton.com/,clinton89@example.com,credentials_131.pdf
132,Dr. Erik Watts,3676244674,"6083 April Dam, Janetchester, MT 83251",Psychiatry,JO787110,1322204184,Cigna,Apollo Hospital,https://preston.com/,scottclark@example.net,credentials_132.pdf
133,Dr. Brenda Garcia,7657046118,"468 Robbins Point Suite 129, Benjamintown, MO 43677",General Surgery,SG423603,8150612840,Cigna,Global Health Clinic,https://www.oneal.com/,garciaclaudia@example.net,credentials_133.pdf
134,Dr. Kelly Davis,8037018263,"6574 Kaiser Isle, New Jessica, VT 35130",General Surgery,SE182658,5490579191,None,Fortis Care,http://www.lane.com/,kylesnyder@example.net,credentials_134.pdf
135,Dr. Sara Jennings,384-988-2456x20185,"59448 Kenneth Hill, Staceyview, FL 60298",Dermatology,VQ777002,6209048986,Cigna,LifeCare Clinic,https://www.white.org/,rebecca51@example.com,credentials_135.pdf
136,Dr. Jose Miller,+1-979-624-4864x29240,"661 Chavez Meadow Suite 664, North Jessica, PA 91389",Pediatrics,UF171304,6327878852,UnitedHealth,Sunrise Medical Center,https://luna.com/,xpetersen@example.org,credentials_136.pdf
137,Dr. Meghan Cobb,(706)330-3685,"2924 Brewer Views Suite 679, Mcdonaldstad, KY 87794",Radiology,CZ635112,6497960816,BlueCross,Fortis Care,http://www.myers-williams.net/,john64@example.com,credentials_137.pdf
138,Dr. Darren Kline,438-840-1250x60171,"47201 Donaldson Dam, East Carrieside, DC 23576",Psychiatry,OK988704,3161950354,BlueCross,Fortis Care,https://dominguez-guerrero.com/,josephcook@example.com,credentials_138.pdf
139,Dr. Jon Johnson,+1-299-225-7178x1281,"28187 Pena Expressway Suite 995, East Richardhaven, GA 38469",Radiology,LQ219209,3498606344,BlueCross,Global Health Clinic,http://mason.biz/,jamieedwards@example.net,credentials_139.pdf
140,Dr. Shelby Schmidt,(483)450-9120x48554,"44853 Jonathan Vista, East James, IA 25888",Orthopedics,QA411750,3444998262,None,Sunrise Medical Center,http://www.lester.com/,spencerjamie@example.org,credentials_140.pdf
141,Dr. Michael Gallagher,844.979.9369x4554,"60353 Christopher Center, West Steven, AZ 39921",Orthopedics,GA904845,1746535908,Cigna,City Hospital,http://www.moore.com/,caroline24@example.com,credentials_141.pdf
142,Dr. Matthew Stanley,798.726.5353x8319,"6476 Conner Square Apt. 527, Greenhaven, SD 19604",Pediatrics,EP168823,5217053637,UnitedHealth,Apollo Hospital,http://bradley.com/,sabrinaclark@example.com,credentials_142.pdf
143,Dr. Rebecca Jackson,667-652-7249x98778,"7461 Adams Manors Suite 439, New John, AS 02926",Dermatology,KY549553,8912100217,UnitedHealth,Sunrise Medical Center,https://frost.org/,dixongregory@example.org,credentials_143.pdf
144,Dr. Richard Scott,(699)517-3395x2013,"1483 Caroline Knoll Apt. 896, West Marktown, WI 15916",Psychiatry,XB616168,1086813094,Cigna,Sunrise Medical Center,https://www.douglas.net/,emily55@example.com,credentials_144.pdf
145,Dr. Elizabeth Rivas,267.653.5953x944,"63866 Nelson Key Suite 545, Joneston, ND 78927",Dermatology,BY454253,9335439068,UnitedHealth,Global Health Clinic,https://www.duarte.com/,perezgloria@example.org,credentials_145.pdf
146,Dr. Courtney Roberts,001-756-346-5763,"010 Robin Mount Apt. 280, Simmonstown, KS 29776",Pediatrics,ZQ370583,8402048332,Cigna,LifeCare Clinic,http://frye.com/,fergusonjeffrey@example.net,credentials_146.pdf
147,Dr. Kathleen White,+1-515-821-3994x7493,"395 Diana Squares Suite 281, East Brookefurt, VA 98265",Pediatrics,IU763576,1860557156,Cigna,City Hospital,https://www.hayes-simmons.info/,christina33@example.net,credentials_147.pdf
148,Dr. Erika Weaver,818-530-1645x5585,"946 Katherine Crossing, New Susanbury, WI 44558",Neurology,GU755461,2115806044,None,Global Health Clinic,https://www.moore.com/,eric54@example.org,credentials_148.pdf
149,Dr. Bobby Doyle,353-304-7846x720,"USNS Oconnor, FPO AE 57070",Dermatology,DH948758,1932426321,BlueCross,LifeCare Clinic,https://www.simmons.com/,jeremiah10@example.com,credentials_149.pdf
150,Dr. Leah Scott,(566)797-5996,"29493 Campos Turnpike Suite 252, Karenmouth, CT 91879",Neurology,DY376021,5650396958,None,Apollo Hospital,http://www.adams.com/,figueroaanna@example.com,credentials_150.pdf
151,Dr. Tiffany Cruz,(407)691-4560,"1467 Adams Extensions Suite 442, Chelseybury, ME 40215",Dermatology,RM351967,1040666475,BlueCross,City Hospital,https://www.jones-becker.com/,ddawson@example.net,credentials_151.pdf
152,Dr. Austin Smith,+1-999-516-3911x944,"142 Alison Forges Suite 524, Owensfort, AR 57690",Orthopedics,DC337187,9143034718,Aetna,Sunrise Medical Center,http://osborn.info/,moorelinda@example.net,credentials_152.pdf
153,Dr. Randall Nguyen,925-559-1874x8157,"678 Gilbert Crossroad Apt. 349, Quinntown, OR 60388",General Surgery,DW630062,3663315542,BlueCross,City Hospital,https://www.jackson-long.com/,chrishill@example.net,credentials_153.pdf
154,Dr. Justin Gibbs,678-342-7188,"Unit 6734 Box 3361, DPO AA 80673",Dermatology,EJ226951,8149051208,None,LifeCare Clinic,http://www.cohen.org/,gbyrd@example.net,credentials_154.pdf
155,Dr. Kelly Weber,328-467-3939,"4385 Cole Tunnel, North Markchester, CT 94313",Psychiatry,SD729649,3520789494,UnitedHealth,LifeCare Clinic,http://www.maxwell-montgomery.com/,christopherdaniels@example.com,credentials_155.pdf
156,Dr. Dustin Perez,831-882-6078x206,"662 Joshua Meadows, Natalieside, DC 78291",Cardiology,ZU325302,2779603897,Aetna,Sunrise Medical Center,https://stephenson.org/,jadecaldwell@example.com,credentials_156.pdf
157,Dr. John Henderson,(216)900-9629,"676 Anderson Meadows Suite 732, Smithmouth, GA 73935",Radiology,ZD275454,7676384071,None,Fortis Care,https://ortiz.com/,bobhernandez@example.com,credentials_157.pdf
158,Dr. Amanda Alexander,386-574-2308,"Unit 5324 Box 5093, DPO AP 83701",Radiology,JN537561,6274119505,UnitedHealth,Apollo Hospital,https://www.sellers.com/,qsimmons@example.net,credentials_158.pdf
159,Dr. Daniel Mitchell,(638)654-5449x636,"077 Gomez Path Apt. 829, Lake Jose, NM 80140",Neurology,YN738571,3028472119,Aetna,City Hospital,http://johnson.com/,slee@example.net,credentials_159.pdf
160,Dr. Brad Friedman,684-228-9011x14000,"17923 Mary Road, Karenview, MN 78308",Dermatology,IT179121,2261049058,None,Sunrise Medical Center,http://ramirez-cruz.net/,kcollins@example.com,credentials_160.pdf
161,Dr. Mary Holmes,001-869-497-8184x9444,"8350 Daniel Path Apt. 939, East Davidburgh, DC 04151",Psychiatry,PV398772,3363985854,Aetna,LifeCare Clinic,http://www.aguilar.com/,nroberts@example.org,credentials_161.pdf
162,Dr. Juan Santos,535-637-9227,"121 Jennifer Rapid Suite 258, Lake Susan, ME 04504",Orthopedics,QN131271,9759145438,BlueCross,LifeCare Clinic,https://boyd.com/,mwilson@example.org,credentials_162.pdf
163,Dr. Daniel Maynard,918.688.6904,"618 Douglas Drives Apt. 608, Kristinamouth, NV 49960",Psychiatry,IL549152,3350363502,Aetna,Global Health Clinic,http://barrett.com/,mtanner@example.com,credentials_163.pdf
164,Dr. Sarah Adams,3295901262,"USNV Booth, FPO AE 63400",Pediatrics,EN990352,2834522836,BlueCross,LifeCare Clinic,https://hudson.com/,tommy09@example.net,credentials_164.pdf
165,Dr. Stephen Ochoa,+1-414-553-4162x458,"523 Rebekah Island Suite 312, West Emilyburgh, LA 23523",Psychiatry,FW343992,8846471598,BlueCross,Fortis Care,https://flynn.net/,stephanie85@example.com,credentials_165.pdf
166,Dr. David Vargas,7275416794,"012 Katherine Rapid Suite 923, Port Andrew, TN 22556",Orthopedics,IQ981566,8825152599,None,Apollo Hospital,http://lee.com/,malonehaley@example.org,credentials_166.pdf
167,Dr. Keith Gross,001-719-793-7831x8077,"75695 Jessica Dale Suite 586, Hernandezborough, DE 53892",Dermatology,ST226782,7230079891,Cigna,LifeCare Clinic,http://bradshaw-quinn.org/,mjohnson@example.com,credentials_167.pdf
168,Dr. Carlos Reed,853-278-5938x304,"2003 Mccormick Forest Apt. 266, West Colleen, DE 72056",Dermatology,EI132161,4115769682,UnitedHealth,Apollo Hospital,http://www.smith.com/,karenbarry@example.com,credentials_168.pdf
169,Dr. Jay Cook,848.981.6457x846,"02701 Mcbride Fords Apt. 184, Brooksside, MA 63488",Neurology,EE947396,7421700226,BlueCross,Global Health Clinic,https://www.schultz.org/,ireyes@example.com,credentials_169.pdf
170,Dr. Jill Pierce,9477768713,"652 Jackson Causeway, Lake Jamesside, KS 53565",Psychiatry,DH925566,2809054388,Cigna,City Hospital,https://harrison-allison.com/,riverapaige@example.org,credentials_170.pdf
171,Dr. Tiffany Bolton,(212)275-0280x716,"USNS Carter, FPO AP 12919",Cardiology,FC635855,6188386932,UnitedHealth,Apollo Hospital,https://www.reynolds.com/,matthew22@example.org,credentials_171.pdf
172,Dr. Gregory Hill,825-870-2752,"9354 Castillo Flat Apt. 505, Brownstad, NJ 21033",Psychiatry,SG400463,4170226007,None,Sunrise Medical Center,http://ross.com/,patricia04@example.com,credentials_172.pdf
173,Dr. Jo Welch,+1-483-265-6755,"934 Tara Isle, Port Elizabeth, DC 18582",Orthopedics,OR410313,3741439545,None,Fortis Care,http://weaver.com/,ferrelljoy@example.net,credentials_173.pdf
174,Dr. Monica Randall,402.803.6452x471,"626 Elizabeth Stream Apt. 768, East Brian, VI 07376",Orthopedics,VQ454923,6988867106,BlueCross,Fortis Care,https://www.price.info/,sharon25@example.com,credentials_174.pdf
175,Dr. Lisa Moore,5002098331,"54439 Laura Hollow Apt. 902, Port Tylershire, HI 63449",Radiology,RI787180,2190293099,BlueCross,Sunrise Medical Center,http://www.lucas.org/,rturner@example.net,credentials_175.pdf
176,Dr. Cynthia Deleon,001-567-209-0804x09965,"909 Bird Village Apt. 438, Richardland, MI 12197",Psychiatry,PZ740641,1531505041,UnitedHealth,LifeCare Clinic,http://perkins.com/,hodgegina@example.com,credentials_176.pdf
177,Dr. Alexis Fry,(304)308-3954,"966 Johnny Tunnel Apt. 746, East Alexis, NM 04214",Radiology,OA122370,4843904891,BlueCross,Fortis Care,https://www.case.biz/,gonzalessandra@example.org,credentials_177.pdf
178,Dr. Luis Steele,321.392.3355x42861,"4257 Henry Crossing Apt. 786, Wilsonmouth, NJ 18030",Neurology,CY132002,2021539759,None,Sunrise Medical Center,http://campbell.biz/,aprilparsons@example.com,credentials_178.pdf
179,Dr. Michelle Brewer,001-544-820-0079x4670,"94521 Walker Ridge Apt. 799, Port Gregorychester, ND 77168",Neurology,GU383071,7268800548,Aetna,City Hospital,https://www.thompson.org/,omitchell@example.net,credentials_179.pdf
180,Dr. Lauren Nelson,(274)809-3907x66217,"PSC 0093, Box 7486, APO AA 38023",General Surgery,WE998672,1882730783,Aetna,Fortis Care,http://porter.com/,james38@example.com,credentials_180.pdf
181,Dr. Kyle Murray,+1-990-576-4513x14914,"9458 Case Corner, South Kevin, AS 29858",Psychiatry,FI619664,3620962239,BlueCross,City Hospital,http://jones.com/,hmendoza@example.org,credentials_181.pdf
182,Dr. Dustin Johnson,886.467.9218x6795,"94299 Olson Circles Apt. 721, Grossshire, MN 48834",General Surgery,YB360048,4593784609,Cigna,City Hospital,https://alvarez.com/,theresaolsen@example.net,credentials_182.pdf
183,Dr. Ryan Mcgee,899.514.1198,"17075 Michael Crest Apt. 248, Lesliebury, PA 68097",Radiology,TB634392,5454234814,Aetna,Global Health Clinic,http://stephens.com/,gsilva@example.org,credentials_183.pdf
184,Dr. Sarah Campos,+1-392-996-8630x4498,"89982 Alexander Row, North Bryanfort, WI 05957",Radiology,FX808733,1714764653,Aetna,Sunrise Medical Center,http://reed.biz/,paulbaker@example.org,credentials_184.pdf
185,Dr. Adam Contreras,001-503-955-0591,"472 William Stravenue Apt. 833, New Stevenbury, DC 19992",General Surgery,FD104862,1611776433,None,Apollo Hospital,http://www.ryan-myers.net/,otaylor@example.com,credentials_185.pdf
186,Dr. Christopher Hudson,+1-440-673-3265,"612 Troy Brooks Suite 641, West John, AZ 47471",Neurology,MJ325309,6703425254,None,City Hospital,https://chavez.com/,williamchen@example.org,credentials_186.pdf
187,Dr. Cesar Davis,(207)731-4204,"088 Johnny Corners Apt. 429, Fisherhaven, IA 90678",Dermatology,ZA973930,2958931743,BlueCross,Apollo Hospital,http://www.jenkins.biz/,smithpam@example.org,credentials_187.pdf
188,Dr. Robert Gaines,8323992667,"546 Nicholas Plaza, Nealchester, UT 65926",Neurology,GO676718,9570055760,BlueCross,Global Health Clinic,https://www.owens.com/,griffithmichael@example.com,credentials_188.pdf
189,Dr. Lauren Johnson,587.918.7279,"26630 Benjamin Unions Suite 682, Brendaside, CT 90706",Radiology,MR489108,8109606647,UnitedHealth,City Hospital,http://barajas.org/,kevincarter@example.net,credentials_189.pdf
190,Dr. John Brown,+1-616-531-1014x700,"975 Smith Hollow, Owensberg, NM 57056",Neurology,ZE320930,2637470619,Aetna,Global Health Clinic,http://www.hayes.biz/,andrew42@example.org,credentials_190.pdf
191,Dr. Hector Lopez,(440)959-1617,"43461 Williams Bridge, New Aprilfort, PA 17429",Pediatrics,XF949454,8985250596,BlueCross,City Hospital,http://www.robinson.com/,carolyn56@example.net,credentials_191.pdf
192,Dr. Elizabeth Bradshaw,666-270-6987x6507,"27934 Anthony Meadow Suite 427, New Adam, HI 05580",General Surgery,GJ618807,3680498329,Aetna,Fortis Care,https://www.ellis.org/,brian21@example.net,credentials_192.pdf
193,Dr. George Joseph,001-480-552-9768,"325 Nelson Shoals, Joshuabury, WY 43117",General Surgery,HX788164,1232208158,BlueCross,Fortis Care,https://www.williams.com/,hjohnson@example.com,credentials_193.pdf
194,Dr. Sheila Barber,(294)609-3756,"63809 Smith Grove Suite 567, Sarahshire, MN 27113",Psychiatry,SJ296145,8733761449,BlueCross,Apollo Hospital,https://www.flores-solis.info/,carterjason@example.org,credentials_194.pdf
195,Dr. Evan Gibson,(955)600-8789,"6976 Brian Course Suite 513, Reneetown, TN 69577",Psychiatry,NT128655,3665872606,UnitedHealth,City Hospital,https://www.taylor.com/,staceygreen@example.com,credentials_195.pdf
196,Dr. Jennifer Rivera,596.957.6707x9200,"USNV Morrison, FPO AP 95385",Neurology,YN510506,1007742315,UnitedHealth,Fortis Care,https://rivas.biz/,tonya83@example.org,credentials_196.pdf
197,Dr. Christine Lynch,(636)960-7307x828,"361 Cheyenne Mountain Apt. 046, Seanview, AK 32646",Cardiology,UR244935,2397634692,Aetna,Global Health Clinic,https://www.lawrence-smith.org/,kimberly17@example.net,credentials_197.pdf
198,Dr. Cindy Barnett,(621)955-9546x8195,"193 Jones Passage Apt. 709, North John, GA 00931",Psychiatry,KZ251452,2417913010,Aetna,Global Health Clinic,https://hudson.org/,pereztravis@example.net,credentials_198.pdf
199,Dr. Michael Ellis,+1-348-208-1498x457,"USCGC Hayes, FPO AA 97636",Psychiatry,LZ939424,7746609034,UnitedHealth,Apollo Hospital,http://www.miller.org/,smithjennifer@example.net,credentials_199.pdf
200,Dr. Leslie Jennings,+1-210-818-0380x31677,"52101 Taylor Meadow Apt. 986, Brentland, ME 97922",Orthopedics,XQ626157,6815110928,Aetna,Fortis Care,http://www.giles-knapp.com/,espinozaheather@example.com,credentials_200.pdf
201,Dr. Lauren Jennings,001-374-468-4885x415,"38101 Williams Crest Suite 888, New Kaylashire, DE 94209",Radiology,QH548105,8029509315,Aetna,City Hospital,http://bell.info/,tmccullough@example.org,credentials_201.pdf
202,Dr. Brent Rubio,001-467-720-4852,"2719 Parker Dale Suite 586, East Charles, RI 92406",Orthopedics,MP754456,6361682909,UnitedHealth,LifeCare Clinic,https://www.hogan-williams.com/,longmaria@example.com,credentials_202.pdf
203,Dr. Heidi Peterson,405.373.0353x09098,"25944 Reynolds Ville Suite 498, Port Jenniferfort, WV 30859",Psychiatry,NM515625,8374089195,BlueCross,LifeCare Clinic,https://www.gilbert.com/,joelgonzalez@example.org,credentials_203.pdf
204,Dr. Andrew Bruce,001-335-721-9815x561,"57519 Wilson Place Suite 302, Waltonmouth, IL 75786",Radiology,XQ682569,1776744464,BlueCross,City Hospital,http://davis.com/,novakmargaret@example.net,credentials_204.pdf
205,Dr. Lisa Reese,(776)666-3646x1606,"49416 Trevor Street, West Scott, WV 05273",Neurology,GX884934,5658975476,Aetna,LifeCare Clinic,http://www.frank-vargas.info/,jhudson@example.com,credentials_205.pdf
206,Dr. Megan Turner,(264)631-2865,"047 Raymond Knolls Apt. 597, East Thomas, TX 74432",Dermatology,AT397947,5076154476,UnitedHealth,Global Health Clinic,http://crawford-davis.com/,zcooper@example.org,credentials_206.pdf
207,Dr. Lori Hartman,(998)555-0301,"48127 Derek Courts Suite 095, North Jennifer, NH 02135",Psychiatry,JR926944,2062730129,Aetna,Apollo Hospital,http://jones-roberts.com/,nicholasgaines@example.org,credentials_207.pdf
208,Dr. Brian Martinez,(284)668-1089,"160 Bryan Mountain, Lake Jamestown, MH 02668",Neurology,XO688205,1435086007,Cigna,City Hospital,http://henderson.com/,martha82@example.net,credentials_208.pdf
209,Dr. Colleen Cortez,(955)461-9802,"874 Gail Inlet, South Ruben, NM 45198",Pediatrics,DP368948,8867940533,Aetna,Fortis Care,http://hull.info/,fpierce@example.com,credentials_209.pdf
210,Dr. Joseph Clark,922.328.1376x9082,"282 Cohen Gardens Suite 647, East Davidfort, NM 37964",General Surgery,MS656271,8276783966,BlueCross,Sunrise Medical Center,http://alexander.com/,rlarsen@example.org,credentials_210.pdf
211,Dr. David Jones,240-988-5751,"6714 Thompson Roads Suite 814, South Jesse, TX 01743",Psychiatry,OT606718,2140431329,UnitedHealth,LifeCare Clinic,https://ross.com/,hharris@example.net,credentials_211.pdf
212,Dr. Omar Cox,709.227.2570,"67041 Byrd Locks, Maciasmouth, PR 91298",Orthopedics,PY254352,2839645733,None,Apollo Hospital,https://www.davis-gentry.com/,aaronrodriguez@example.org,credentials_212.pdf
213,Dr. Gregory Rogers,(830)337-8859,"42073 David Curve Apt. 569, East Krystalstad, PW 41852",Radiology,SY145922,6589528990,Cigna,LifeCare Clinic,https://www.adams-carroll.com/,jonathanlopez@example.com,credentials_213.pdf
214,Dr. Natalie Green,8687170388,"8216 Houston Cove Suite 223, Lake Alexandermouth, OK 68916",Cardiology,VX774136,5247815839,UnitedHealth,City Hospital,https://www.dawson.com/,rodneymitchell@example.com,credentials_214.pdf
215,Dr. Jerry Chapman,935-293-0994,"18430 Garcia Bridge Suite 177, North Theresaside, MI 44455",Pediatrics,RN515210,8183232294,Cigna,Apollo Hospital,https://www.valenzuela.net/,isingleton@example.org,credentials_215.pdf
216,Dr. Randall Ibarra,574-565-3704x568,"089 Jennifer Fort, Smithborough, RI 32816",Psychiatry,PE171279,9625305136,Aetna,Fortis Care,https://www.scott-warner.info/,washingtonangela@example.net,credentials_216.pdf
217,Dr. David Mendoza,528-468-8927x077,"2732 Andrew Spring Suite 817, New Christopher, AL 10265",Pediatrics,DN975993,7670233926,Aetna,City Hospital,https://robinson.com/,kevinking@example.net,credentials_217.pdf
218,Dr. Brett Martin,001-295-831-6201x3349,"191 Jeremiah Shore Apt. 931, New Christopherstad, OR 77713",Orthopedics,BS728041,3702012456,None,Global Health Clinic,https://www.luna-brandt.com/,kevin14@example.com,credentials_218.pdf
219,Dr. Steven Long,+1-334-609-8919x564,"45059 Bridget Loaf Apt. 311, South Lisa, NY 31751",Dermatology,YR290801,3703320375,UnitedHealth,Global Health Clinic,https://www.cooper-russell.com/,lanenathan@example.com,credentials_219.pdf
220,Dr. Henry Mason,001-454-918-2851,"1077 Nathaniel Stravenue Suite 465, West Anthony, MI 11140",Cardiology,KB278493,9153146308,Aetna,Sunrise Medical Center,http://schmidt.com/,schwartzkyle@example.net,credentials_220.pdf
221,Dr. Bruce Mccoy,295.665.1754x2548,"966 Allen Wells Suite 930, West Benjaminport, OR 58393",General Surgery,TR203316,7174814277,None,City Hospital,http://moody.org/,brad14@example.com,credentials_221.pdf
222,Dr. Caitlin Pratt,313-721-6877,"69223 Jill Junction Apt. 536, Pattersonville, IA 19409",General Surgery,CN524629,8614796756,Cigna,City Hospital,http://www.frye.com/,longrobert@example.org,credentials_222.pdf
223,Dr. Fernando Richards,(854)759-0008x0452,"9634 Victoria Tunnel, Andresburgh, NE 19454",Neurology,PJ432123,8843634195,Cigna,Sunrise Medical Center,https://www.perez.com/,andersonkathleen@example.org,credentials_223.pdf
224,Dr. Jeremy Bowman,(913)961-6019x774,"09650 Matthew Course, Matthewmouth, TN 61411",Cardiology,JB876846,1032765968,Aetna,Sunrise Medical Center,http://www.ashley.com/,gardnermary@example.net,credentials_224.pdf
225,Dr. Joshua Walker,(877)470-4776x62976,"4388 George Camp, Laneberg, FM 09732",Psychiatry,YF414878,6768469812,None,Sunrise Medical Center,https://www.gomez.info/,summer56@example.com,credentials_225.pdf
226,Dr. Christopher Fields,8582627110,"5906 Beltran Rapids, North Stefanietown, WV 76519",Pediatrics,ZK529082,7931105746,Cigna,LifeCare Clinic,http://www.harris.net/,jennifer77@example.net,credentials_226.pdf
227,Dr. Walter Rivera,484.464.0738x5220,"9826 Dougherty Spurs Suite 976, West Matthew, OR 51384",General Surgery,FY999157,8869112159,BlueCross,City Hospital,http://barker.com/,brookeduffy@example.net,credentials_227.pdf
228,Dr. Adam Peters,374-396-4756x85409,"29285 Miles Pike Suite 949, Dawnburgh, NE 35047",Neurology,YE488787,2643595031,UnitedHealth,Sunrise Medical Center,http://green.com/,george09@example.org,credentials_228.pdf
229,Dr. Nicholas Morales,943.391.3718x42821,"569 Susan Locks Suite 345, Wilsonport, AR 43111",Pediatrics,XF946398,6416088059,None,Sunrise Medical Center,https://www.fisher-roth.com/,travis79@example.com,credentials_229.pdf
230,Dr. David Ramsey,(573)896-4418x8692,"36193 Dudley Ville, Josefort, NC 79714",Orthopedics,SN907350,1862239715,UnitedHealth,Global Health Clinic,http://www.chang.com/,wjones@example.org,credentials_230.pdf
231,Dr. David Martinez,(349)898-1097,"USS Martinez, FPO AA 49197",General Surgery,ZB108344,8138900798,UnitedHealth,City Hospital,https://wilson.com/,thomasjones@example.com,credentials_231.pdf
232,Dr. Christopher Watkins,+1-465-610-0910x444,"7936 Mullen Island Apt. 165, East Brett, HI 45926",Radiology,IM835022,1517182214,None,Fortis Care,https://carter.com/,bakersteven@example.net,credentials_232.pdf
233,Dr. Kristen King,819.856.7948x5380,"0403 Alexander Rue, Lake Linda, IA 50514",General Surgery,XI269351,5903195735,BlueCross,Sunrise Medical Center,https://www.woods.com/,nicholsbrenda@example.com,credentials_233.pdf
234,Dr. Robert Gomez,+1-419-402-0963x372,"3993 Meadows Cliffs Apt. 114, Lake Heather, RI 69008",Pediatrics,YD523990,7585560163,None,LifeCare Clinic,http://www.hernandez.info/,natasha71@example.net,credentials_234.pdf
235,Dr. Alex Smith,001-305-844-6467x2229,"USNS Johns, FPO AA 47627",Radiology,HY568876,5072490353,UnitedHealth,Fortis Care,https://www.rojas.com/,maxwellkevin@example.com,credentials_235.pdf
236,Dr. Brandon Johnson,(838)806-2439x459,"3559 Jaclyn Motorway, North Martin, NM 07889",Radiology,TA380910,6209899579,Aetna,Global Health Clinic,http://harris.net/,charles58@example.org,credentials_236.pdf
237,Dr. Nicole Kemp,001-323-659-3802x8931,"38807 Jeremy Glens, Davidville, TN 64805",Orthopedics,YC986150,3503534465,None,Sunrise Medical Center,https://www.english.org/,candice39@example.com,credentials_237.pdf
238,Dr. Latasha Nunez,970.881.7053x592,"155 Lauren Pass Apt. 178, South Meagan, WV 22753",Pediatrics,HS975935,2869921346,Cigna,Sunrise Medical Center,http://norman-ellis.com/,vpeterson@example.net,credentials_238.pdf
239,Dr. Sarah Irwin,+1-734-444-5406x89722,"67613 Robert Pike Suite 748, Fletcherville, PA 94131",Orthopedics,BR595096,6145685218,Aetna,City Hospital,https://www.diaz.com/,jessicamartin@example.com,credentials_239.pdf
240,Dr. Danny Parker,(711)471-6157x7709,"006 Andrea Divide, Dawsonburgh, SD 31197",Orthopedics,SE468824,4484576428,Cigna,City Hospital,https://www.sims-bowers.com/,timothy93@example.com,credentials_240.pdf
241,Dr. Latasha Moss,661.455.9095x24854,"1883 Williams Brooks Apt. 506, Caitlynbury, IN 29365",General Surgery,BZ110272,5567759597,Aetna,City Hospital,http://wood.com/,jeremiahallison@example.org,credentials_241.pdf
242,Dr. Jeffrey Chavez,9496750532,"30404 Patrick Rapid Apt. 113, West Matthew, NH 86421",Psychiatry,HH250821,3359556607,Aetna,Apollo Hospital,http://nelson.com/,howellamanda@example.org,credentials_242.pdf
243,Dr. David Rosario,001-266-486-6856x1588,"2541 Melanie Terrace Apt. 398, Emilychester, AZ 35137",Dermatology,LG432836,7531674710,Aetna,Sunrise Medical Center,https://maddox.com/,bjordan@example.net,credentials_243.pdf
244,Dr. Allison Davis,(946)690-2556x29337,"45638 Johnson Springs Suite 021, East Pamela, MP 58894",Neurology,HD681536,7016206732,Aetna,Sunrise Medical Center,https://www.jacobson-holloway.com/,laurakennedy@example.net,credentials_244.pdf
245,Dr. Hannah Hayes,(405)968-5765x456,"929 Julie Island, Destinymouth, ND 76504",Psychiatry,VG503996,8135136683,Cigna,City Hospital,http://joseph.org/,laura44@example.com,credentials_245.pdf
246,Dr. Valerie King,330-983-2121x696,"Unit 2582 Box 5487, DPO AE 35644",Radiology,UP548856,8247090185,BlueCross,Sunrise Medical Center,https://norris.net/,laura30@example.org,credentials_246.pdf
247,Dr. Jennifer Lucero,(975)681-3725,"3469 Sweeney Divide, South Thomas, MH 78614",General Surgery,WD807199,6295301198,UnitedHealth,Sunrise Medical Center,https://www.walker.biz/,uavila@example.org,credentials_247.pdf
248,Dr. Emily Garcia,001-899-991-6498x94989,"6573 Blair Groves Apt. 854, Elaineport, AR 05110",Radiology,BA217719,2380121612,None,LifeCare Clinic,http://www.caldwell.com/,vholmes@example.net,credentials_248.pdf
249,Dr. Toni Gray,351-576-8683x41036,"9083 Davis Station Suite 515, South Jasonfort, NE 83532",General Surgery,AW133340,7524671462,BlueCross,Fortis Care,https://www.wilson.biz/,rmcknight@example.com,credentials_249.pdf
250,Dr. Victoria Cooper,8415005790,"08626 Johnson Run, New Heather, ND 01686",Dermatology,VO822114,1811914482,None,Global Health Clinic,https://www.gordon.com/,rchapman@example.net,credentials_250.pdf
