Id,Full_Name,Medical_License_Number,Npi_Number,Specialty,Affiliation,Practice_Address,Email,Phone,Confidence_Score,Issue,Manual_Review
1,Dr. Molly Christensen,IZ305131,8286859759,Neurology,Sunrise Medical Center,"8974 Reese Roads, North Coreyfurt, MI 63460",nbarry@example.org,944.343.8755x794,100,,Pending
2,Dr. Jeffrey Collins,JE548931,2515862631,Dermatology,Apollo Hospital,"96111 Michael Drive, Penachester, OH 53136",lucas14@example.com,620.234.1957,100,,Pending
3,Dr. Rebecca Jenkins,DX749969,7561565903,Cardiology,Fortis Care,"3883 Walker Stream, Lake Donald, VI 34837",rnorton@example.net,433-551-6484x273,100,,Pending
4,Dr. Kevin Duran,NT143322,6987034909,Psychiatry,City Hospital,"17770 Barbara Manor, New Patriciaview, AL 92495",jillianwilliams@example.com,972-623-9080,100,,Pending
5,Dr. David Gibbs,TS833603,3817264305,General Surgery,Global Health Clinic,"Unit 8606 Box 9656, DPO AA 60149",chadcoleman@example.net,001-590-354-5099,100,,Pending
6,Dr. Holly Bradley,HG744762,7054651817,Orthopedics,LifeCare Clinic,"826 Thomas Isle Apt. 121, Lake Priscillashire, AL 24095",haneyderek@example.net,770.530.1270x30453,100,,Pending
7,Dr. Elizabeth Johnson,DA862231,6425936734,Pediatrics,Global Health Clinic,"27113 Jessica Ports, Heathhaven, NH 49959",teresavelasquez@example.org,001-329-695-0270,100,,Pending
8,Dr. Sheila Hernandez,RL673275,8220964128,Cardiology,Fortis Care,"879 Bryan Ford, Ashleyville, ID 31228",casey00@example.com,848-415-4716x858,100,,Pending
9,Dr. Jacqueline Glover,NR588681,4825247245,Radiology,Apollo Hospital,"86222 Farrell Landing Apt. 700, Taylorchester, MT 52917",sloanchristina@example.com,+1-686-273-2411x09669,100,,Pending
10,Dr. Jeffrey Scott,ZL110060,6986807597,Orthopedics,City Hospital,"1255 Sharon Crest, Port Courtneybury, AK 06589",jacksonbernard@example.org,+1-581-269-4053x8310,100,,Pending
11,Dr. James Brown,BB669856,4670981233,Orthopedics,Sunrise Medical Center,"8513 Mark Mission Suite 523, Jeffersonport, DC 69749",william19@example.org,340-446-5989,100,,Pending
12,Dr. Melanie Figueroa,BY804973,4510383945,Psychiatry,Sunrise Medical Center,"962 Cole Junction Apt. 306, Peterside, AZ 50349",alicia22@example.com,001-947-589-8984x2547,100,,Pending
13,Dr. David Adams,ZS916173,1870778404,Cardiology,City Hospital,"4589 Steve Canyon Apt. 191, Donaldborough, ME 69226",chadgonzales@example.com,418.518.6395x73949,100,,Pending
14,Dr. Rebekah Marks,ZK948421,7975578942,General Surgery,LifeCare Clinic,"428 Mccall Meadow, New David, OR 31666",nsmith@example.net,+1-365-500-1593x12740,100,,Pending
15,Dr. Natasha Garcia,IT374998,8876897241,Cardiology,Apollo Hospital,"Unit 0891 Box 2779, DPO AA 12030",michael61@example.net,(471)310-0759,100,,Pending
16,Dr. Frederick Atkinson,RH933549,7560500743,Radiology,Sunrise Medical Center,"4601 Kevin Viaduct, Kirktown, MP 83911",elizabethclark@example.org,(926)698-0396x36959,100,,Pending
17,Dr. Gordon Novak,XK688007,7658319621,Radiology,LifeCare Clinic,"505 Peter Plaza Apt. 698, Elizabethstad, ME 97248",lruiz@example.net,563.952.5071x171,100,,Pending
18,Dr. Patricia Scott,MS625055,8775416755,Psychiatry,LifeCare Clinic,"9486 Kristi Plaza, Port Kathleenfurt, NY 63070",stanleyedwards@example.org,256.273.8512x1324,100,,Pending
19,Dr. Johnathan Torres,WF573726,5577858925,Dermatology,LifeCare Clinic,"101 Johnston Creek Apt. 420, Jasonport, AS 65536",yolandadavis@example.com,+1-985-591-1869,100,,Pending
20,Dr. Daniel Rodriguez,YT415339,7733562177,Cardiology,Global Health Clinic,"418 Stevenson Brook Suite 046, Lake Sandraview, OK 99907",cameron64@example.net,001-502-533-2681x3696,100,,Pending
21,Dr. Stacy Moore,QA571917,2431682246,Pediatrics,City Hospital,"1426 Long Via Suite 827, Port Allisonville, MS 99674",norrisdebbie@example.net,709-275-5082x75087,100,,Pending
22,Dr. Nicole Anderson,UE676914,3711139674,General Surgery,City Hospital,"05740 Alexander Well Apt. 817, North Dan, ND 22487",milesjennifer@example.org,4004967801,100,,Pending
23,Dr. Cameron Wilson,WC610451,3400366391,Dermatology,Fortis Care,"168 Meredith Isle Suite 766, Lake Stevenshire, LA 32964",gstevenson@example.org,(953)398-2352x4885,100,,Pending
24,Dr. Erin Martin,JF745096,5540269646,Neurology,Sunrise Medical Center,"8727 Garcia Parks, Port Jimmy, PA 83177",smithluke@example.org,+1-625-209-0888x12134,100,,Pending
25,Dr. Alexander Tran,XC277199,4808916616,Radiology,Apollo Hospital,"2208 Sabrina Ville, Lake Jill, OH 41667",dsmith@example.com,355.997.1829,100,,Pending
26,Dr. Michael Bell,IZ490626,8051465278,Psychiatry,Sunrise Medical Center,"Unit 2900 Box 5204, DPO AP 80886",melissadiaz@example.com,887-370-8751,100,,Pending
27,Dr. Alyssa Bates,WF425000,4981695320,Orthopedics,Apollo Hospital,"080 Green Village, Lake Jennifer, VT 72184",maydustin@example.org,+1-948-650-4350x44771,100,,Pending
28,Dr. Destiny Garcia,LS950261,7259739515,Psychiatry,Global Health Clinic,"PSC 3362, Box 5797, APO AA 07119",harveyjeremy@example.com,477-208-8862,100,,Pending
29,Dr. Albert Ramos,QW560477,7826204364,Pediatrics,City Hospital,"170 Hardy Common, South Alyssa, NY 77979",qholden@example.org,(894)569-3813x91868,100,,Pending
30,Dr. Chris Bradley,MB432551,8459529273,Orthopedics,Apollo Hospital,"06701 Jackson Underpass Apt. 826, Nathanbury, AL 27071",shelby55@example.net,530-879-8740x6061,100,,Pending
31,Dr. Thomas Hull,XI991233,6947321669,Orthopedics,Sunrise Medical Center,"666 Jerry Shoals, Port Laurie, WY 71728",newtonlarry@example.org,690.518.5639,100,,Pending
32,Dr. Sabrina Spencer,BN337922,5552818515,Psychiatry,Global Health Clinic,"9913 Harris Grove, Thomasstad, ID 71125",ryangordon@example.net,001-261-645-0888,100,,Pending
33,Dr. Amanda Bell,WV540071,8598673987,Dermatology,Fortis Care,"49681 Obrien Terrace, Port Gregoryfurt, MN 93804",jhampton@example.org,371-913-9383x592,100,,Pending
34,Dr. Adam Powell,QK163274,6140068445,Cardiology,Sunrise Medical Center,"4482 Darlene Valley Apt. 606, Davidside, RI 59475",youngjesse@example.com,9256734628,100,,Pending
35,Dr. Amber Medina,BP980930,7303098749,Psychiatry,Global Health Clinic,"3078 Alexander Falls Suite 292, Hudsontown, ND 62313",wilsonjames@example.org,(954)912-9451x5648,100,,Pending
36,Dr. Ryan Waller,NR735688,1058583369,Dermatology,Fortis Care,"6813 Tucker Knoll Apt. 877, Jaredside, UT 91562",tyler39@example.org,4076984019,100,,Pending
37,Dr. Kimberly Wilcox,OI180515,6882915522,General Surgery,City Hospital,"868 Marshall Path Apt. 166, Anitatown, DC 43037",brandonmartin@example.org,+1-303-912-6343,100,,Pending
38,Dr. Tyler Romero,LD932171,2330834131,Radiology,Fortis Care,"66003 Theodore Wells, South Erin, TN 10189",williamskaylee@example.net,834-889-4957x72547,100,,Pending
39,Dr. Kelly Harrell,FV454628,9499357246,Neurology,Sunrise Medical Center,"56611 Linda Manors, Johnsonfort, VI 35665",jonesjennifer@example.net,693-379-2523x6635,100,,Pending
40,Dr. Christopher Brooks,OO141742,8131568601,Pediatrics,Apollo Hospital,"060 Crawford Divide Suite 102, South Amy, NC 44953",znash@example.org,001-725-511-2409x83788,100,,Pending
41,Dr. Brian Hutchinson,PH952340,1309415256,Cardiology,LifeCare Clinic,"87470 Thomas Neck, Kelleyberg, NM 01169",bowmancharles@example.org,(424)565-4809,100,,Pending
42,Dr. Michael Blake,OM597217,6548030321,Neurology,LifeCare Clinic,"2307 Jason Wells, Jasminechester, MO 16647",randy13@example.org,(497)528-2895x880,100,,Pending
43,Dr. Jill Rodriguez,NY260909,8315741858,Neurology,City Hospital,"40875 Alexander Parkways, East Sean, TX 09357",ghernandez@example.com,(548)519-5962x8798,100,,Pending
44,Dr. Andrew Rogers,DY157035,5202775414,General Surgery,Sunrise Medical Center,"899 Orr Hollow, East Cassandra, FL 04765",bakerelizabeth@example.org,466.917.7277,100,,Pending
45,Dr. Bradley Harris,SG866420,1207264334,Cardiology,City Hospital,"69794 Moreno Underpass Suite 296, Kellyburgh, CA 16171",pdavis@example.net,409-552-2302x341,100,,Pending
46,Dr. John Thompson,MF553609,2756663870,Dermatology,Fortis Care,"301 Morris Camp, New Ericaview, ME 91142",steven53@example.com,+1-457-352-5873x649,100,,Pending
47,Dr. Darryl Oneill,PX652176,5555020761,Orthopedics,LifeCare Clinic,"806 Paul Glens Suite 932, New Randy, MD 82074",lgonzales@example.com,464.378.5183,100,,Pending
48,Dr. Barbara Scott,AI349594,3884622545,Psychiatry,Fortis Care,"Unit 4105 Box 3377, DPO AA 37627",jennifer63@example.com,(858)734-9842,100,,Pending
49,Dr. Michael Ortega,UZ409351,3861776480,Cardiology,Apollo Hospital,"54279 Alyssa Village Suite 438, East Ericville, ID 08097",hmorris@example.org,+1-685-854-5072x531,100,,Pending
50,Dr. Jerry Mckinney,ZN571974,3800504886,Orthopedics,LifeCare Clinic,"38825 Amanda Lane, West Christopher, ID 30111",sherrycastaneda@example.org,+1-532-948-3280x57258,100,,Pending
51,Dr. Valerie Kelley,TK852608,1143077945,Cardiology,Global Health Clinic,"027 Ford Glens, Johnsonberg, HI 19386",jack89@example.net,001-329-218-6288x24352,100,,Pending
52,Dr. Jordan Anderson,CJ645192,4510816921,General Surgery,Fortis Care,"21360 Santiago Curve Apt. 012, New Ruthbury, RI 78621",uleach@example.com,(940)473-3154x225,100,,Pending
53,Dr. Darren Williams,QQ449187,6579946753,Psychiatry,LifeCare Clinic,"USCGC Johnson, FPO AE 93457",joseph74@example.org,(546)263-6999x4656,100,,Pending
54,Dr. Adriana Elliott,HM795352,6768380921,Dermatology,Apollo Hospital,"Unit 3251 Box 0031, DPO AP 70396",williamskathryn@example.com,4028809836,100,,Pending
55,Dr. Jose Hoover,CH850311,7038422014,Orthopedics,Apollo Hospital,"5467 Karen Square, North Kevinmouth, NV 95500",velazquezmark@example.com,235-379-4161x279,100,,Pending
56,Dr. Karen Wolf,FX603198,3669507462,Neurology,Sunrise Medical Center,"989 Christina Oval, Lake Jonathanburgh, IN 34574",krodriguez@example.net,857-708-1705x346,100,,Pending
57,Dr. Robert Johnson,ZZ185553,1632008105,Neurology,City Hospital,"2276 Cameron Courts, West Jessicaview, MT 46728",jonesannette@example.net,+1-762-454-7735x5547,100,,Pending
58,Dr. Samantha Davis,HS131525,4834516575,Pediatrics,Sunrise Medical Center,"19879 Michele Manors, Annaberg, AK 55054",georgeeric@example.org,(864)819-6165x92713,100,,Pending
59,Dr. Christopher Montgomery,DL465965,8922538004,Radiology,City Hospital,"6103 Curry Station Apt. 239, Thomasfurt, UT 12622",weavertyler@example.net,9965673377,100,,Pending
60,Dr. Mckenzie Jones,JG690988,4571584043,Cardiology,Fortis Care,"44370 Jordan Isle Suite 167, Martinshire, GA 95455",tyler28@example.org,(304)830-6590x47770,100,,Pending
61,Dr. Gregory Cox,BM678713,3274840777,Cardiology,Global Health Clinic,"062 Flores Hill Apt. 806, Hayleyhaven, OR 23621",shammond@example.com,+1-510-445-5812x1286,100,,Pending
62,Dr. Jason Fisher,CM568165,1180067822,Neurology,Apollo Hospital,"10949 Stephanie Road, Lake Aprilhaven, ME 49975",ashleymartinez@example.org,+1-419-340-9485x31227,100,,Pending
63,Dr. Trevor Russell,RT819533,1832403605,Orthopedics,Apollo Hospital,"0013 Herman Mall Apt. 624, Traciburgh, AS 63950",jonesjames@example.com,595.282.9783x7496,100,,Pending
64,Dr. Rebecca Tucker,FV880023,2958168140,Psychiatry,Global Health Clinic,"2491 Anderson Manor, Lake Tiffanyton, SC 21283",darlene86@example.net,355.202.1475x01319,100,,Pending
65,Dr. Kevin Smith,BQ262969,8470154763,Radiology,Apollo Hospital,"951 Briana Parkway Apt. 370, West Timothy, AR 71831",pbradley@example.net,001-857-509-6581x3996,100,,Pending
66,Dr. Brenda Gomez,YL793041,8748395351,General Surgery,LifeCare Clinic,"8482 Li Garden, East Robert, CO 18295",haleylarry@example.net,715-752-6613x55790,100,,Pending
67,Dr. Paula Washington,KL367843,6148178773,Psychiatry,LifeCare Clinic,"7477 Tyler Prairie, Castanedahaven, MH 97497",cmorales@example.net,594.867.3560x90694,100,,Pending
68,Dr. Dustin Sherman,QF115959,3858834279,Psychiatry,LifeCare Clinic,"811 Patricia Spring Apt. 673, Carolynbury, VT 23534",stephensangela@example.org,7597788247,100,,Pending
69,Dr. Thomas Wood,GA241409,3420130651,Radiology,Fortis Care,"Unit 6317 Box 3064, DPO AA 98096",charleslee@example.com,(467)741-1854x7073,100,,Pending
70,Dr. Kathleen Watts,MW653980,2628480460,Pediatrics,Global Health Clinic,"9592 Walton Circle Suite 898, Lopezbury, CO 92320",amandavaldez@example.com,903.669.4998x626,100,,Pending
71,Dr. Nancy Willis,SE523646,2569910105,Cardiology,LifeCare Clinic,"795 Angie Parks Suite 639, North Frankport, CO 75623",michaelmckinney@example.org,001-398-215-2856,100,,Pending
72,Dr. Elizabeth Ingram,JJ502921,5358214344,Pediatrics,City Hospital,"5124 Brandon Estate, Kathrynside, MS 88968",meadowsjason@example.net,6787467940,100,,Pending
73,Dr. Michelle Davis,ZG660591,4449999729,Neurology,LifeCare Clinic,"472 Jacob Avenue Apt. 804, Heatherfort, AZ 53035",campbellcourtney@example.com,869-253-4791x8364,100,,Pending
74,Dr. Dana Holland,OR795573,3984133519,Neurology,Apollo Hospital,"072 Andrea Centers Suite 658, East James, OH 73390",baileymadison@example.net,+1-962-357-1244x106,100,,Pending
75,Dr. Patricia Sanchez,QF217302,2482544852,Psychiatry,Apollo Hospital,"Unit 1951 Box 8880, DPO AE 67005",kelly47@example.net,001-959-580-3899x063,100,,Pending
76,Dr. Scott Oneal,WY105197,7297450792,Orthopedics,Global Health Clinic,"096 Shirley Oval, Phillipsshire, GA 60219",whowell@example.net,+1-521-711-2303x7010,100,,Pending
77,Dr. Johnny Mcdonald,IK130747,5388131897,Radiology,Fortis Care,"6005 Katelyn Wells, Chelseaberg, VI 58067",nhiggins@example.org,2876467487,100,,Pending
78,Dr. Luis Martin,MF594496,2323013257,Psychiatry,Global Health Clinic,"987 Sara Rue, Brandonhaven, GA 03513",wlee@example.net,752.760.8949x3997,100,,Pending
79,Dr. Amanda Zuniga,QP729191,5196002317,Cardiology,Global Health Clinic,"72243 Baker Drives Suite 230, Acostaton, MP 37562",arieltorres@example.org,348.840.3545,100,,Pending
80,Dr. Rebecca Johnson,LJ190132,7486917303,Neurology,Apollo Hospital,"4491 Jesse Field Apt. 416, Martinezport, WY 54624",andersonalexis@example.org,(870)787-4568x6545,100,,Pending
81,Dr. Valerie Graham,PN820983,9474524978,Orthopedics,Global Health Clinic,"0562 Mccormick Freeway, Collinsmouth, KY 35489",brianwillis@example.net,(364)575-0439x185,100,,Pending
82,Dr. Larry Gonzalez,VE423409,8380485058,Psychiatry,Global Health Clinic,"2250 Anita Course Apt. 346, West Jennifer, CO 62305",xsullivan@example.com,923-981-1081x592,100,,Pending
83,Dr. Deanna Powell,UB985650,2480715273,Neurology,Global Health Clinic,"844 Jay Crescent, Wheelerchester, AZ 92845",kenneth77@example.net,402-460-8452x384,100,,Pending
84,Dr. Bryan Combs,NJ952385,3713602728,Radiology,Sunrise Medical Center,"72697 Hubbard Station, Walkertown, VT 12228",powellkelsey@example.net,001-399-429-6608x368,100,,Pending
85,Dr. Frank Wilson,LS423975,4703170250,Cardiology,Global Health Clinic,"523 Ashley Cliffs Suite 752, Port Josephshire, MN 33192",tracymiller@example.net,001-912-233-2264x6429,100,,Pending
86,Dr. Andrew Massey,XS116842,5737692500,Dermatology,Global Health Clinic,"683 Evan Divide Apt. 737, New Benjamin, CO 65367",hamiltonbrandy@example.com,+1-791-776-2032,100,,Pending
87,Dr. Michelle Reed,JI931965,5666805503,Psychiatry,Apollo Hospital,"396 Stacy Corners, Lake Tyrone, RI 72142",danieljohnson@example.org,+1-953-519-8538x9689,100,,Pending
88,Dr. Christina Brown,ZJ485735,8167021664,Dermatology,Global Health Clinic,"6125 Adams Hill Suite 043, Mcgeemouth, SD 72460",jefferyharris@example.com,258.468.0796,100,,Pending
89,Dr. Shannon Miller,CF505311,6645426061,General Surgery,Fortis Care,"68431 Dennis Lakes Suite 772, Lake Nicholasfort, NM 57425",hartmanwilliam@example.org,(912)423-9489,100,,Pending
90,Dr. Linda Jordan,QC329822,8053553130,Orthopedics,Fortis Care,"USCGC Castaneda, FPO AE 77514",jonathanmontoya@example.org,2966010797,100,,Pending
91,Dr. Christopher Campbell,EZ749056,8402175211,Orthopedics,Apollo Hospital,"0276 Mitchell Forks Suite 322, New Michaelville, NH 14092",stephanie04@example.org,7346932807,100,,Pending
92,Dr. Hunter Page,UW308309,8409067845,Orthopedics,Fortis Care,"Unit 2181 Box 8042, DPO AP 98547",lori84@example.org,545.213.5587x73192,100,,Pending
93,Dr. Brenda Fox,IF182809,7021531997,Radiology,Sunrise Medical Center,"098 William Pike Apt. 819, Barrettmouth, NY 40075",adamskirsten@example.org,441.889.9493x623,100,,Pending
94,Dr. Scott Martin,GO397525,9123111425,Neurology,Sunrise Medical Center,"86516 Oneal Turnpike Suite 712, Williamsport, MP 50759",jscott@example.com,001-947-855-1906x30765,100,,Pending
95,Dr. Jacqueline Chavez,OE348643,2435409443,Neurology,Fortis Care,"1056 Davis Drives Apt. 349, Lake Sherryburgh, AK 06440",deborah80@example.org,(220)580-0255x859,100,,Pending
96,Dr. Erika Mclean,ME272256,5803637270,Psychiatry,Sunrise Medical Center,"896 Kara Circles, Jasonstad, HI 68272",gonzalesdiane@example.com,520.539.2703,100,,Pending
97,Dr. Joseph Wood,HE757614,1550478570,Neurology,Global Health Clinic,"03372 Williams Keys Suite 247, South Benjaminberg, FM 56601",patricia83@example.org,946.799.0395x7422,100,,Pending
98,Dr. Kristin Rios,ZJ413491,5463024458,Radiology,Fortis Care,"5371 Mann Mews Suite 274, Garciahaven, VI 47606",carrollmichael@example.org,001-720-975-7331x910,100,,Pending
99,Dr. Eric Brown,JK784481,3263954993,General Surgery,Apollo Hospital,"225 Erica Estate Apt. 479, West Danielle, AZ 26875",rebeccareed@example.org,746.476.7061x2263,100,,Pending
100,Dr. Russell Reyes,AK873542,7034330180,General Surgery,Sunrise Medical Center,"2697 Wesley Squares Suite 298, Williamsville, MA 97141",james05@example.com,569-204-0026x488,100,,Pending
101,Dr. Preston Randolph,TX494322,8079038765,General Surgery,Sunrise Medical Center,"41476 Zamora Park Suite 691, North Stacy, MI 46435",kchavez@example.net,(400)345-5715x090,100,,Pending
102,Dr. James Davis,EK508759,8795149724,Radiology,Fortis Care,"79060 Brandi Estates Apt. 684, Lake Barbaraland, NH 23878",james58@example.net,384-318-1128,100,,Pending
103,Dr. Daniel Williamson,QQ284290,2612385891,Psychiatry,Fortis Care,"PSC 1382, Box 8373, APO AP 64312",anthonyandrews@example.org,836.618.2142x560,100,,Pending
104,Dr. Robert Garcia,CF237437,1649990582,Pediatrics,City Hospital,"809 Shelby Stravenue, Port Lisabury, VI 71568",mark37@example.com,686.475.0169,100,,Pending
105,Dr. Maria Smith,JO598032,7217348802,Orthopedics,Apollo Hospital,"854 Kenneth Gardens, South Melinda, NM 22732",parkereric@example.com,201-794-2779x7931,100,,Pending
106,Dr. Richard Watson,RK139265,2626803650,Neurology,Apollo Hospital,"36806 Parker Forest Apt. 621, West Shannonton, PW 75679",shuber@example.net,(741)450-7292x4731,100,,Pending
107,Dr. Laura Williamson,UW945508,7622353568,Orthopedics,Sunrise Medical Center,"2796 Bailey Freeway Apt. 736, New Lisa, OR 86326",alyssaedwards@example.net,808.900.2675x5833,100,,Pending
108,Dr. Jennifer Mcdonald,SQ306000,3761535983,Cardiology,Sunrise Medical Center,"716 Jonathan Parkway, Lake Valerie, IA 02881",ashleywilson@example.com,(743)963-9277x523,100,,Pending
109,Dr. Julia Johnson,ZB868588,2411748246,Psychiatry,Fortis Care,"PSC 6745, Box 3398, APO AE 43832",robertssuzanne@example.net,(312)271-7118x83492,100,,Pending
110,Dr. Ashley Jones,YA821926,4808852051,Psychiatry,Fortis Care,"Unit 8747 Box 1866, DPO AP 82665",johnsonandrew@example.org,(369)679-8099x852,100,,Pending
111,Dr. Bradley Shah,FO265952,7451151624,Psychiatry,Global Health Clinic,"916 Gregory Heights, New Lisashire, ME 58678",lynchjoseph@example.com,(921)570-7825x21578,100,,Pending
112,Dr. Roger Black,ZL472015,8755540288,Psychiatry,Apollo Hospital,"3470 Nicole Keys Apt. 614, East Denise, KY 22084",ishaw@example.net,780.940.0034,100,,Pending
113,Dr. Melissa Miller,LG733119,6478166357,Pediatrics,Global Health Clinic,"377 Morales Trafficway, New Brianhaven, VT 66846",adamcraig@example.org,(317)917-4944x8272,100,,Pending
114,Dr. Carlos Moody,EL450156,9364346832,Orthopedics,Fortis Care,"USCGC Young, FPO AE 79210",rkelley@example.net,504-229-3192x395,100,,Pending
115,Dr. Nancy Rodriguez,AL900667,6843618177,Radiology,Global Health Clinic,"08638 Maxwell Junctions, Andrewton, ND 33567",tfuller@example.com,(811)415-9501x3666,100,,Pending
116,Dr. Steven Rogers,ZF651586,5380892036,Radiology,City Hospital,"16780 Olson Path, Scottborough, CO 48631",kennethbrown@example.net,381.246.1785x63179,100,,Pending
117,Dr. Travis Larson,WI223368,6738507467,Radiology,City Hospital,"712 James Forks Apt. 722, North Russell, OR 11034",ramosdiane@example.org,4937534631,100,,Pending
118,Dr. Janet Miller,ZI167403,2490924964,Radiology,Apollo Hospital,"47785 Moore Drive, Brownburgh, NC 39922",hgamble@example.net,568.573.6993,100,,Pending
119,Dr. William Hall,CZ872352,1940010500,Neurology,Fortis Care,"577 Nicholas Shores, Port Hollytown, OK 10027",priscilla33@example.com,001-296-772-0574x04731,100,,Pending
120,Dr. David Harper,VR697037,9086919001,General Surgery,Apollo Hospital,"6591 White Parkways Suite 470, New Roberta, OK 26249",angela60@example.net,(392)904-9334x006,100,,Pending
121,Dr. Jill Gonzalez,QR202818,8267796950,Dermatology,Sunrise Medical Center,"2907 Christopher Court, Lunaberg, ME 66227",hailey21@example.org,+1-935-651-9871x622,100,,Pending
122,Dr. Margaret Martinez,OT745054,9256710616,Neurology,Sunrise Medical Center,"114 Smith Junction, Emilyview, MT 23916",donald99@example.com,383-543-6089x9646,100,,Pending
123,Dr. Brianna Johnson,HJ539973,9643264667,Psychiatry,LifeCare Clinic,"PSC 9997, Box 4019, APO AA 87470",zwoodward@example.com,(520)347-1954,100,,Pending
124,Dr. Jeffrey Miller,CO731250,3309178515,Pediatrics,Global Health Clinic,"26814 Sean Fords, Heatherchester, IA 87973",pgrant@example.com,982-476-8247x0291,100,,Pending
125,Dr. Kevin Flores,KE692933,3931030751,Neurology,Apollo Hospital,"5261 Crosby Fall, Lynnport, TX 26634",hfarrell@example.com,455-328-3160x55583,100,,Pending
126,Dr. Paul Brown,UB735657,2515826145,Pediatrics,LifeCare Clinic,"Unit 2113 Box 0358, DPO AE 78831",leahjones@example.org,460.258.3255x145,100,,Pending
127,Dr. Allison White,ZZ606861,9473019689,Orthopedics,LifeCare Clinic,"0508 Antonio Valley Apt. 095, New Juliebury, VA 61472",kelly01@example.net,480.771.5959x1133,100,,Pending
128,Dr. Justin Lindsey,BX263895,4617453134,Neurology,Fortis Care,"53144 Lisa Bridge Apt. 836, South Maria, WA 72561",mccoybradley@example.net,679-859-2409x1778,100,,Pending
129,Dr. Anthony Collins,XX690698,2401046272,Radiology,LifeCare Clinic,"1341 Reyes Knolls, Samuelview, HI 11882",walterkoch@example.org,884.696.1655x3952,100,,Pending
130,Dr. John Martinez,RT696310,6082071817,General Surgery,City Hospital,"6561 Russell Ramp, Lake Ryan, OK 58681",christinele@example.org,324-790-6003x316,100,,Pending
131,Dr. Jon Bailey,GF600485,5983149414,Psychiatry,City Hospital,"4422 Katrina Gateway Suite 471, West Lisa, SC 30587",clinton89@example.com,+1-472-367-9575x22826,100,,Pending
132,Dr. Erik Watts,JO787110,1322204184,Psychiatry,Apollo Hospital,"6083 April Dam, Janetchester, MT 83251",scottclark@example.net,3676244674,100,,Pending
133,Dr. Brenda Garcia,SG423603,8150612840,General Surgery,Global Health Clinic,"468 Robbins Point Suite 129, Benjamintown, MO 43677",garciaclaudia@example.net,7657046118,100,,Pending
134,Dr. Kelly Davis,SE182658,5490579191,General Surgery,Fortis Care,"6574 Kaiser Isle, New Jessica, VT 35130",kylesnyder@example.net,8037018263,100,,Pending
135,Dr. Sara Jennings,VQ777002,6209048986,Dermatology,LifeCare Clinic,"59448 Kenneth Hill, Staceyview, FL 60298",rebecca51@example.com,384-988-2456x20185,100,,Pending
136,Dr. Jose Miller,UF171304,6327878852,Pediatrics,Sunrise Medical Center,"661 Chavez Meadow Suite 664, North Jessica, PA 91389",xpetersen@example.org,+1-979-624-4864x29240,100,,Pending
137,Dr. Meghan Cobb,CZ635112,6497960816,Radiology,Fortis Care,"2924 Brewer Views Suite 679, Mcdonaldstad, KY 87794",john64@example.com,(706)330-3685,100,,Pending
138,Dr. Darren Kline,OK988704,3161950354,Psychiatry,Fortis Care,"47201 Donaldson Dam, East Carrieside, DC 23576",josephcook@example.com,438-840-1250x60171,100,,Pending
139,Dr. Jon Johnson,LQ219209,3498606344,Radiology,Global Health Clinic,"28187 Pena Expressway Suite 995, East Richardhaven, GA 38469",jamieedwards@example.net,+1-299-225-7178x1281,100,,Pending
140,Dr. Shelby Schmidt,QA411750,3444998262,Orthopedics,Sunrise Medical Center,"44853 Jonathan Vista, East James, IA 25888",spencerjamie@example.org,(483)450-9120x48554,100,,Pending
141,Dr. Michael Gallagher,GA904845,1746535908,Orthopedics,City Hospital,"60353 Christopher Center, West Steven, AZ 39921",caroline24@example.com,844.979.9369x4554,100,,Pending
142,Dr. Matthew Stanley,EP168823,5217053637,Pediatrics,Apollo Hospital,"6476 Conner Square Apt. 527, Greenhaven, SD 19604",sabrinaclark@example.com,798.726.5353x8319,100,,Pending
143,Dr. Rebecca Jackson,KY549553,8912100217,Dermatology,Sunrise Medical Center,"7461 Adams Manors Suite 439, New John, AS 02926",dixongregory@example.org,667-652-7249x98778,100,,Pending
144,Dr. Richard Scott,XB616168,1086813094,Psychiatry,Sunrise Medical Center,"1483 Caroline Knoll Apt. 896, West Marktown, WI 15916",emily55@example.com,(699)517-3395x2013,100,,Pending
145,Dr. Elizabeth Rivas,BY454253,9335439068,Dermatology,Global Health Clinic,"63866 Nelson Key Suite 545, Joneston, ND 78927",perezgloria@example.org,267.653.5953x944,100,,Pending
146,Dr. Courtney Roberts,ZQ370583,8402048332,Pediatrics,LifeCare Clinic,"010 Robin Mount Apt. 280, Simmonstown, KS 29776",fergusonjeffrey@example.net,001-756-346-5763,100,,Pending
147,Dr. Kathleen White,IU763576,1860557156,Pediatrics,City Hospital,"395 Diana Squares Suite 281, East Brookefurt, VA 98265",christina33@example.net,+1-515-821-3994x7493,100,,Pending
148,Dr. Erika Weaver,GU755461,2115806044,Neurology,Global Health Clinic,"946 Katherine Crossing, New Susanbury, WI 44558",eric54@example.org,818-530-1645x5585,100,,Pending
149,Dr. Bobby Doyle,DH948758,1932426321,Dermatology,LifeCare Clinic,"USNS Oconnor, FPO AE 57070",jeremiah10@example.com,353-304-7846x720,100,,Pending
150,Dr. Leah Scott,DY376021,5650396958,Neurology,Apollo Hospital,"29493 Campos Turnpike Suite 252, Karenmouth, CT 91879",figueroaanna@example.com,(566)797-5996,100,,Pending
151,Dr. Tiffany Cruz,RM351967,1040666475,Dermatology,City Hospital,"1467 Adams Extensions Suite 442, Chelseybury, ME 40215",ddawson@example.net,(407)691-4560,100,,Pending
152,Dr. Austin Smith,DC337187,9143034718,Orthopedics,Sunrise Medical Center,"142 Alison Forges Suite 524, Owensfort, AR 57690",moorelinda@example.net,+1-999-516-3911x944,100,,Pending
153,Dr. Randall Nguyen,DW630062,3663315542,General Surgery,City Hospital,"678 Gilbert Crossroad Apt. 349, Quinntown, OR 60388",chrishill@example.net,925-559-1874x8157,100,,Pending
154,Dr. Justin Gibbs,EJ226951,8149051208,Dermatology,LifeCare Clinic,"Unit 6734 Box 3361, DPO AA 80673",gbyrd@example.net,678-342-7188,100,,Pending
155,Dr. Kelly Weber,SD729649,3520789494,Psychiatry,LifeCare Clinic,"4385 Cole Tunnel, North Markchester, CT 94313",christopherdaniels@example.com,328-467-3939,100,,Pending
156,Dr. Dustin Perez,ZU325302,2779603897,Cardiology,Sunrise Medical Center,"662 Joshua Meadows, Natalieside, DC 78291",jadecaldwell@example.com,831-882-6078x206,100,,Pending
157,Dr. John Henderson,ZD275454,7676384071,Radiology,Fortis Care,"676 Anderson Meadows Suite 732, Smithmouth, GA 73935",bobhernandez@example.com,(216)900-9629,100,,Pending
158,Dr. Amanda Alexander,JN537561,6274119505,Radiology,Apollo Hospital,"Unit 5324 Box 5093, DPO AP 83701",qsimmons@example.net,386-574-2308,100,,Pending
159,Dr. Daniel Mitchell,YN738571,3028472119,Neurology,City Hospital,"077 Gomez Path Apt. 829, Lake Jose, NM 80140",slee@example.net,(638)654-5449x636,100,,Pending
160,Dr. Brad Friedman,IT179121,2261049058,Dermatology,Sunrise Medical Center,"17923 Mary Road, Karenview, MN 78308",kcollins@example.com,684-228-9011x14000,100,,Pending
161,Dr. Mary Holmes,PV398772,3363985854,Psychiatry,LifeCare Clinic,"8350 Daniel Path Apt. 939, East Davidburgh, DC 04151",nroberts@example.org,001-869-497-8184x9444,100,,Pending
162,Dr. Juan Santos,QN131271,9759145438,Orthopedics,LifeCare Clinic,"121 Jennifer Rapid Suite 258, Lake Susan, ME 04504",mwilson@example.org,535-637-9227,100,,Pending
163,Dr. Daniel Maynard,IL549152,3350363502,Psychiatry,Global Health Clinic,"618 Douglas Drives Apt. 608, Kristinamouth, NV 49960",mtanner@example.com,918.688.6904,100,,Pending
164,Dr. Sarah Adams,EN990352,2834522836,Pediatrics,LifeCare Clinic,"USNV Booth, FPO AE 63400",tommy09@example.net,3295901262,100,,Pending
165,Dr. Stephen Ochoa,FW343992,8846471598,Psychiatry,Fortis Care,"523 Rebekah Island Suite 312, West Emilyburgh, LA 23523",stephanie85@example.com,+1-414-553-4162x458,100,,Pending
166,Dr. David Vargas,IQ981566,8825152599,Orthopedics,Apollo Hospital,"012 Katherine Rapid Suite 923, Port Andrew, TN 22556",malonehaley@example.org,7275416794,100,,Pending
167,Dr. Keith Gross,ST226782,7230079891,Dermatology,LifeCare Clinic,"75695 Jessica Dale Suite 586, Hernandezborough, DE 53892",mjohnson@example.com,001-719-793-7831x8077,100,,Pending
168,Dr. Carlos Reed,EI132161,4115769682,Dermatology,Apollo Hospital,"2003 Mccormick Forest Apt. 266, West Colleen, DE 72056",karenbarry@example.com,853-278-5938x304,100,,Pending
169,Dr. Jay Cook,EE947396,7421700226,Neurology,Global Health Clinic,"02701 Mcbride Fords Apt. 184, Brooksside, MA 63488",ireyes@example.com,848.981.6457x846,100,,Pending
170,Dr. Jill Pierce,DH925566,2809054388,Psychiatry,City Hospital,"652 Jackson Causeway, Lake Jamesside, KS 53565",riverapaige@example.org,9477768713,100,,Pending
171,Dr. Tiffany Bolton,FC635855,6188386932,Cardiology,Apollo Hospital,"USNS Carter, FPO AP 12919",matthew22@example.org,(212)275-0280x716,100,,Pending
172,Dr. Gregory Hill,SG400463,4170226007,Psychiatry,Sunrise Medical Center,"9354 Castillo Flat Apt. 505, Brownstad, NJ 21033",patricia04@example.com,825-870-2752,100,,Pending
173,Dr. Jo Welch,OR410313,3741439545,Orthopedics,Fortis Care,"934 Tara Isle, Port Elizabeth, DC 18582",ferrelljoy@example.net,+1-483-265-6755,100,,Pending
174,Dr. Monica Randall,VQ454923,6988867106,Orthopedics,Fortis Care,"626 Elizabeth Stream Apt. 768, East Brian, VI 07376",sharon25@example.com,402.803.6452x471,100,,Pending
175,Dr. Lisa Moore,RI787180,2190293099,Radiology,Sunrise Medical Center,"54439 Laura Hollow Apt. 902, Port Tylershire, HI 63449",rturner@example.net,5002098331,100,,Pending
176,Dr. Cynthia Deleon,PZ740641,1531505041,Psychiatry,LifeCare Clinic,"909 Bird Village Apt. 438, Richardland, MI 12197",hodgegina@example.com,001-567-209-0804x09965,100,,Pending
177,Dr. Alexis Fry,OA122370,4843904891,Radiology,Fortis Care,"966 Johnny Tunnel Apt. 746, East Alexis, NM 04214",gonzalessandra@example.org,(304)308-3954,100,,Pending
178,Dr. Luis Steele,CY132002,2021539759,Neurology,Sunrise Medical Center,"4257 Henry Crossing Apt. 786, Wilsonmouth, NJ 18030",aprilparsons@example.com,321.392.3355x42861,100,,Pending
179,Dr. Michelle Brewer,GU383071,7268800548,Neurology,City Hospital,"94521 Walker Ridge Apt. 799, Port Gregorychester, ND 77168",omitchell@example.net,001-544-820-0079x4670,100,,Pending
180,Dr. Lauren Nelson,WE998672,1882730783,General Surgery,Fortis Care,"PSC 0093, Box 7486, APO AA 38023",james38@example.com,(274)809-3907x66217,100,,Pending
181,Dr. Kyle Murray,FI619664,3620962239,Psychiatry,City Hospital,"9458 Case Corner, South Kevin, AS 29858",hmendoza@example.org,+1-990-576-4513x14914,100,,Pending
182,Dr. Dustin Johnson,YB360048,4593784609,General Surgery,City Hospital,"94299 Olson Circles Apt. 721, Grossshire, MN 48834",theresaolsen@example.net,886.467.9218x6795,100,,Pending
183,Dr. Ryan Mcgee,TB634392,5454234814,Radiology,Global Health Clinic,"17075 Michael Crest Apt. 248, Lesliebury, PA 68097",gsilva@example.org,899.514.1198,100,,Pending
184,Dr. Sarah Campos,FX808733,1714764653,Radiology,Sunrise Medical Center,"89982 Alexander Row, North Bryanfort, WI 05957",paulbaker@example.org,+1-392-996-8630x4498,100,,Pending
185,Dr. Adam Contreras,FD104862,1611776433,General Surgery,Apollo Hospital,"472 William Stravenue Apt. 833, New Stevenbury, DC 19992",otaylor@example.com,001-503-955-0591,100,,Pending
186,Dr. Christopher Hudson,MJ325309,6703425254,Neurology,City Hospital,"612 Troy Brooks Suite 641, West John, AZ 47471",williamchen@example.org,+1-440-673-3265,100,,Pending
187,Dr. Cesar Davis,ZA973930,2958931743,Dermatology,Apollo Hospital,"088 Johnny Corners Apt. 429, Fisherhaven, IA 90678",smithpam@example.org,(207)731-4204,100,,Pending
188,Dr. Robert Gaines,GO676718,9570055760,Neurology,Global Health Clinic,"546 Nicholas Plaza, Nealchester, UT 65926",griffithmichael@example.com,8323992667,100,,Pending
189,Dr. Lauren Johnson,MR489108,8109606647,Radiology,City Hospital,"26630 Benjamin Unions Suite 682, Brendaside, CT 90706",kevincarter@example.net,587.918.7279,100,,Pending
190,Dr. John Brown,ZE320930,2637470619,Neurology,Global Health Clinic,"975 Smith Hollow, Owensberg, NM 57056",andrew42@example.org,+1-616-531-1014x700,100,,Pending
191,Dr. Hector Lopez,XF949454,8985250596,Pediatrics,City Hospital,"43461 Williams Bridge, New Aprilfort, PA 17429",carolyn56@example.net,(440)959-1617,100,,Pending
192,Dr. Elizabeth Bradshaw,GJ618807,3680498329,General Surgery,Fortis Care,"27934 Anthony Meadow Suite 427, New Adam, HI 05580",brian21@example.net,666-270-6987x6507,100,,Pending
193,Dr. George Joseph,HX788164,1232208158,General Surgery,Fortis Care,"325 Nelson Shoals, Joshuabury, WY 43117",hjohnson@example.com,001-480-552-9768,100,,Pending
194,Dr. Sheila Barber,SJ296145,8733761449,Psychiatry,Apollo Hospital,"63809 Smith Grove Suite 567, Sarahshire, MN 27113",carterjason@example.org,(294)609-3756,100,,Pending
195,Dr. Evan Gibson,NT128655,3665872606,Psychiatry,City Hospital,"6976 Brian Course Suite 513, Reneetown, TN 69577",staceygreen@example.com,(955)600-8789,100,,Pending
196,Dr. Jennifer Rivera,YN510506,1007742315,Neurology,Fortis Care,"USNV Morrison, FPO AP 95385",tonya83@example.org,596.957.6707x9200,100,,Pending
197,Dr. Christine Lynch,UR244935,2397634692,Cardiology,Global Health Clinic,"361 Cheyenne Mountain Apt. 046, Seanview, AK 32646",kimberly17@example.net,(636)960-7307x828,100,,Pending
198,Dr. Cindy Barnett,KZ251452,2417913010,Psychiatry,Global Health Clinic,"193 Jones Passage Apt. 709, North John, GA 00931",pereztravis@example.net,(621)955-9546x8195,100,,Pending
199,Dr. Michael Ellis,LZ939424,7746609034,Psychiatry,Apollo Hospital,"USCGC Hayes, FPO AA 97636",smithjennifer@example.net,+1-348-208-1498x457,100,,Pending
200,Dr. Leslie Jennings,XQ626157,6815110928,Orthopedics,Fortis Care,"52101 Taylor Meadow Apt. 986, Brentland, ME 97922",espinozaheather@example.com,+1-210-818-0380x31677,100,,Pending
201,Dr. Lauren Jennings,QH548105,8029509315,Radiology,City Hospital,"38101 Williams Crest Suite 888, New Kaylashire, DE 94209",tmccullough@example.org,001-374-468-4885x415,100,,Pending
202,Dr. Brent Rubio,MP754456,6361682909,Orthopedics,LifeCare Clinic,"2719 Parker Dale Suite 586, East Charles, RI 92406",longmaria@example.com,001-467-720-4852,100,,Pending
203,Dr. Heidi Peterson,NM515625,8374089195,Psychiatry,LifeCare Clinic,"25944 Reynolds Ville Suite 498, Port Jenniferfort, WV 30859",joelgonzalez@example.org,405.373.0353x09098,100,,Pending
204,Dr. Andrew Bruce,XQ682569,1776744464,Radiology,City Hospital,"57519 Wilson Place Suite 302, Waltonmouth, IL 75786",novakmargaret@example.net,001-335-721-9815x561,100,,Pending
205,Dr. Lisa Reese,GX884934,5658975476,Neurology,LifeCare Clinic,"49416 Trevor Street, West Scott, WV 05273",jhudson@example.com,(776)666-3646x1606,100,,Pending
206,Dr. Megan Turner,AT397947,5076154476,Dermatology,Global Health Clinic,"047 Raymond Knolls Apt. 597, East Thomas, TX 74432",zcooper@example.org,(264)631-2865,100,,Pending
207,Dr. Lori Hartman,JR926944,2062730129,Psychiatry,Apollo Hospital,"48127 Derek Courts Suite 095, North Jennifer, NH 02135",nicholasgaines@example.org,(998)555-0301,100,,Pending
208,Dr. Brian Martinez,XO688205,1435086007,Neurology,City Hospital,"160 Bryan Mountain, Lake Jamestown, MH 02668",martha82@example.net,(284)668-1089,100,,Pending
209,Dr. Colleen Cortez,DP368948,8867940533,Pediatrics,Fortis Care,"874 Gail Inlet, South Ruben, NM 45198",fpierce@example.com,(955)461-9802,100,,Pending
210,Dr. Joseph Clark,MS656271,8276783966,General Surgery,Sunrise Medical Center,"282 Cohen Gardens Suite 647, East Davidfort, NM 37964",rlarsen@example.org,922.328.1376x9082,100,,Pending
211,Dr. David Jones,OT606718,2140431329,Psychiatry,LifeCare Clinic,"6714 Thompson Roads Suite 814, South Jesse, TX 01743",hharris@example.net,240-988-5751,100,,Pending
212,Dr. Omar Cox,PY254352,2839645733,Orthopedics,Apollo Hospital,"67041 Byrd Locks, Maciasmouth, PR 91298",aaronrodriguez@example.org,709.227.2570,100,,Pending
213,Dr. Gregory Rogers,SY145922,6589528990,Radiology,LifeCare Clinic,"42073 David Curve Apt. 569, East Krystalstad, PW 41852",jonathanlopez@example.com,(830)337-8859,100,,Pending
214,Dr. Natalie Green,VX774136,5247815839,Cardiology,City Hospital,"8216 Houston Cove Suite 223, Lake Alexandermouth, OK 68916",rodneymitchell@example.com,8687170388,100,,Pending
215,Dr. Jerry Chapman,RN515210,8183232294,Pediatrics,Apollo Hospital,"18430 Garcia Bridge Suite 177, North Theresaside, MI 44455",isingleton@example.org,935-293-0994,100,,Pending
216,Dr. Randall Ibarra,PE171279,9625305136,Psychiatry,Fortis Care,"089 Jennifer Fort, Smithborough, RI 32816",washingtonangela@example.net,574-565-3704x568,100,,Pending
217,Dr. David Mendoza,DN975993,7670233926,Pediatrics,City Hospital,"2732 Andrew Spring Suite 817, New Christopher, AL 10265",kevinking@example.net,528-468-8927x077,100,,Pending
218,Dr. Brett Martin,BS728041,3702012456,Orthopedics,Global Health Clinic,"191 Jeremiah Shore Apt. 931, New Christopherstad, OR 77713",kevin14@example.com,001-295-831-6201x3349,100,,Pending
219,Dr. Steven Long,YR290801,3703320375,Dermatology,Global Health Clinic,"45059 Bridget Loaf Apt. 311, South Lisa, NY 31751",lanenathan@example.com,+1-334-609-8919x564,100,,Pending
220,Dr. Henry Mason,KB278493,9153146308,Cardiology,Sunrise Medical Center,"1077 Nathaniel Stravenue Suite 465, West Anthony, MI 11140",schwartzkyle@example.net,001-454-918-2851,100,,Pending
221,Dr. Bruce Mccoy,TR203316,7174814277,General Surgery,City Hospital,"966 Allen Wells Suite 930, West Benjaminport, OR 58393",brad14@example.com,295.665.1754x2548,100,,Pending
222,Dr. Caitlin Pratt,CN524629,8614796756,General Surgery,City Hospital,"69223 Jill Junction Apt. 536, Pattersonville, IA 19409",longrobert@example.org,313-721-6877,100,,Pending
223,Dr. Fernando Richards,PJ432123,8843634195,Neurology,Sunrise Medical Center,"9634 Victoria Tunnel, Andresburgh, NE 19454",andersonkathleen@example.org,(854)759-0008x0452,100,,Pending
224,Dr. Jeremy Bowman,JB876846,1032765968,Cardiology,Sunrise Medical Center,"09650 Matthew Course, Matthewmouth, TN 61411",gardnermary@example.net,(913)961-6019x774,100,,Pending
225,Dr. Joshua Walker,YF414878,6768469812,Psychiatry,Sunrise Medical Center,"4388 George Camp, Laneberg, FM 09732",summer56@example.com,(877)470-4776x62976,100,,Pending
226,Dr. Christopher Fields,ZK529082,7931105746,Pediatrics,LifeCare Clinic,"5906 Beltran Rapids, North Stefanietown, WV 76519",jennifer77@example.net,8582627110,100,,Pending
227,Dr. Walter Rivera,FY999157,8869112159,General Surgery,City Hospital,"9826 Dougherty Spurs Suite 976, West Matthew, OR 51384",brookeduffy@example.net,484.464.0738x5220,100,,Pending
228,Dr. Adam Peters,YE488787,2643595031,Neurology,Sunrise Medical Center,"29285 Miles Pike Suite 949, Dawnburgh, NE 35047",george09@example.org,374-396-4756x85409,100,,Pending
229,Dr. Nicholas Morales,XF946398,6416088059,Pediatrics,Sunrise Medical Center,"569 Susan Locks Suite 345, Wilsonport, AR 43111",travis79@example.com,943.391.3718x42821,100,,Pending
230,Dr. David Ramsey,SN907350,1862239715,Orthopedics,Global Health Clinic,"36193 Dudley Ville, Josefort, NC 79714",wjones@example.org,(573)896-4418x8692,100,,Pending
231,Dr. David Martinez,ZB108344,8138900798,General Surgery,City Hospital,"USS Martinez, FPO AA 49197",thomasjones@example.com,(349)898-1097,100,,Pending
232,Dr. Christopher Watkins,IM835022,1517182214,Radiology,Fortis Care,"7936 Mullen Island Apt. 165, East Brett, HI 45926",bakersteven@example.net,+1-465-610-0910x444,100,,Pending
233,Dr. Kristen King,XI269351,5903195735,General Surgery,Sunrise Medical Center,"0403 Alexander Rue, Lake Linda, IA 50514",nicholsbrenda@example.com,819.856.7948x5380,100,,Pending
234,Dr. Robert Gomez,YD523990,7585560163,Pediatrics,LifeCare Clinic,"3993 Meadows Cliffs Apt. 114, Lake Heather, RI 69008",natasha71@example.net,+1-419-402-0963x372,100,,Pending
235,Dr. Alex Smith,HY568876,5072490353,Radiology,Fortis Care,"USNS Johns, FPO AA 47627",maxwellkevin@example.com,001-305-844-6467x2229,100,,Pending
236,Dr. Brandon Johnson,TA380910,6209899579,Radiology,Global Health Clinic,"3559 Jaclyn Motorway, North Martin, NM 07889",charles58@example.org,(838)806-2439x459,100,,Pending
237,Dr. Nicole Kemp,YC986150,3503534465,Orthopedics,Sunrise Medical Center,"38807 Jeremy Glens, Davidville, TN 64805",candice39@example.com,001-323-659-3802x8931,100,,Pending
238,Dr. Latasha Nunez,HS975935,2869921346,Pediatrics,Sunrise Medical Center,"155 Lauren Pass Apt. 178, South Meagan, WV 22753",vpeterson@example.net,970.881.7053x592,100,,Pending
239,Dr. Sarah Irwin,BR595096,6145685218,Orthopedics,City Hospital,"67613 Robert Pike Suite 748, Fletcherville, PA 94131",jessicamartin@example.com,+1-734-444-5406x89722,100,,Pending
240,Dr. Danny Parker,SE468824,4484576428,Orthopedics,City Hospital,"006 Andrea Divide, Dawsonburgh, SD 31197",timothy93@example.com,(711)471-6157x7709,100,,Pending
241,Dr. Latasha Moss,BZ110272,5567759597,General Surgery,City Hospital,"1883 Williams Brooks Apt. 506, Caitlynbury, IN 29365",jeremiahallison@example.org,661.455.9095x24854,100,,Pending
242,Dr. Jeffrey Chavez,HH250821,3359556607,Psychiatry,Apollo Hospital,"30404 Patrick Rapid Apt. 113, West Matthew, NH 86421",howellamanda@example.org,9496750532,100,,Pending
243,Dr. David Rosario,LG432836,7531674710,Dermatology,Sunrise Medical Center,"2541 Melanie Terrace Apt. 398, Emilychester, AZ 35137",bjordan@example.net,001-266-486-6856x1588,100,,Pending
244,Dr. Allison Davis,HD681536,7016206732,Neurology,Sunrise Medical Center,"45638 Johnson Springs Suite 021, East Pamela, MP 58894",laurakennedy@example.net,(946)690-2556x29337,100,,Pending
245,Dr. Hannah Hayes,VG503996,8135136683,Psychiatry,City Hospital,"929 Julie Island, Destinymouth, ND 76504",laura44@example.com,(405)968-5765x456,100,,Pending
246,Dr. Valerie King,UP548856,8247090185,Radiology,Sunrise Medical Center,"Unit 2582 Box 5487, DPO AE 35644",laura30@example.org,330-983-2121x696,100,,Pending
247,Dr. Jennifer Lucero,WD807199,6295301198,General Surgery,Sunrise Medical Center,"3469 Sweeney Divide, South Thomas, MH 78614",uavila@example.org,(975)681-3725,100,,Pending
248,Dr. Emily Garcia,BA217719,2380121612,Radiology,LifeCare Clinic,"6573 Blair Groves Apt. 854, Elaineport, AR 05110",vholmes@example.net,001-899-991-6498x94989,100,,Pending
249,Dr. Toni Gray,AW133340,7524671462,General Surgery,Fortis Care,"9083 Davis Station Suite 515, South Jasonfort, NE 83532",rmcknight@example.com,351-576-8683x41036,100,,Pending
250,Dr. Victoria Cooper,VO822114,1811914482,Dermatology,Global Health Clinic,"08626 Johnson Run, New Heather, ND 01686",rchapman@example.net,8415005790,100,,Pending
251,Dr. ZA18L,LIC203,6202544286,Cardiology,Hospital A,530 4V09I Street,tdv9r@example.com,+917848201116,72,,
252,Dr. UBN9J,LIC999,INVALID,Neurology,Clinic X,238 OT3JN Street,ttmfw@example.com,+918519167041,75,Invalid NPI,
253,Dr. CV36F,LIC939,2707853768,Cardiology,Hospital A,794 KQS4X Street,nbnto@example.com,+917171772274,77,,
254,Dr. 93838,LIC248,INVALID,Neurology,Clinic X,706 UH892 Street,c9kiy@example.com,0000000000,100,Invalid NPI,
255,Dr. 6IIQN,LIC437,9362132634,Cardiology,Hospital A,64 6K2EO Street,pqwzf@example.com,+918382373945,74,,
256,Dr. NTQGC,INVALID,INVALID,Cardiology,Clinic X,637 XLEDH Street,h2hni@example.com,+917680747997,77,Invalid NPI,
257,Dr. 0POJY,LIC479,1833149821,Neurology,Hospital B,793 ZIX5Q Street,ue3rg@example.com,+919342614629,100,,
258,Dr. TX7GZ,LIC750,6739254341,Neurology,Hospital B,497 2WUBI Street,xeb8o@example.com,+917507887177,100,,
259,Dr. K16TY,LIC223,4589886945,Neurology,Hospital A,221 99R5K Street,pvji7@example.com,+918766023517,94,,
260,Dr. 31TCZ,INVALID,1430099910,Neurology,Clinic X,150 RP4O8 Street,oknal@example.com,+918608471574,79,Invalid License,
261,Dr. 97YQJ,LIC972,INVALID,Pediatrics,Hospital A,682 1WVLP Street,i6wru@example.com,+918637213498,82,Invalid NPI,
262,Dr. 8KWNG,LIC994,3014199186,Cardiology,Hospital B,653 CJQOO Street,8iipc@example.com,+917705797188,92,,
263,Dr. WZF2H,LIC230,INVALID,Neurology,Hospital A,661 UCQ2A Street,uaf8s@example.com,+917315956123,81,Invalid NPI,
264,Dr. TUC5C,LIC713,9514611464,Dermatology,Hospital A,101 CDD9X Street,r21dx@example.com,+919485514448,81,,
265,Dr. SDS4W,LIC109,7626016266,Cardiology,Clinic X,148 HVTYM Street,s1hoa@example.com,+918059081252,78,,
266,Dr. P580J,LIC759,3076269785,Pediatrics,Hospital B,245 8WNTN Street,ut64n@example.com,+918670788066,83,,
267,Dr. GYWYV,INVALID,7017860358,Neurology,Hospital B,614 OV8SE Street,afwz9@example.com,+919535928140,98,Invalid License,
268,Dr. ZEU3M,LIC457,8885179054,Cardiology,Clinic X,658 DFA18 Street,58nrj@example.com,+917150505672,84,,
269,Dr. BX5K2,INVALID,7626158326,Cardiology,Hospital B,33 3U8KE Street,fd1b7@example.com,+919592223618,76,Invalid License,
270,Dr. 8MOL1,LIC317,INVALID,Cardiology,Clinic X,721 DBVGO Street,0m1ah@example.com,+917548701022,75,Invalid NPI,
271,Dr. 7ANPI,LIC390,INVALID,Cardiology,Clinic X,839 C5U8I Street,i8jpr@example.com,+918436901180,85,Invalid NPI,
272,Dr. WBQOR,LIC777,INVALID,Neurology,Hospital A,215 M0N7B Street,9zdmh@example.com,+918577352566,78,Invalid NPI,
273,Dr. 77J97,LIC603,3591352233,Neurology,Hospital B,118 T703Y Street,ccfm9@example.com,+919539265900,78,,
274,Dr. WTK2W,LIC637,6910738713,Dermatology,Hospital A,114 RSIMF Street,d81os@example.com,+919504753820,79,,
275,Dr. UCN5S,LIC505,9435051323,Pediatrics,Clinic X,349 J73MZ Street,b08lm@example.com,+918072912554,97,,
276,Dr. 0OUGC,LIC964,INVALID,Cardiology,Hospital B,134 ZPT1Q Street,qa4aj@example.com,0000000000,82,Invalid NPI,
277,Dr. LTFX5,LIC676,1052500166,Cardiology,Clinic X,582 PVA9E Street,4ry13@example.com,0000000000,100,,
278,Dr. TTEFI,LIC549,2962376156,Cardiology,Hospital B,548 YP2WW Street,szpgk@example.com,+918271977522,88,,
279,Dr. HXHKF,INVALID,9627470148,Pediatrics,Hospital A,215 IGMP7 Street,k44dc@example.com,+918942339772,70,Invalid License,
280,Dr. CSGKY,LIC356,9118587273,Cardiology,Hospital A,349 9W7XB Street,hsvp0@example.com,+917825388740,99,,
281,Dr. OFXO4,LIC548,INVALID,Dermatology,Clinic X,86 8WLX7 Street,bhed6@example.com,+917885455454,95,Invalid NPI,
282,Dr. ZNQZJ,INVALID,9250952166,Dermatology,Clinic X,533 ZEHW8 Street,invalid_email,+919220818684,81,Invalid License,
283,Dr. S8HRQ,LIC714,3469552629,Dermatology,Hospital B,170 CXUWY Street,irqby@example.com,+919717129557,100,,
284,Dr. 4VQ2O,INVALID,INVALID,Neurology,Hospital A,712 ZYF2E Street,sm6nn@example.com,+918593196079,85,Invalid NPI,
285,Dr. Z1AVJ,LIC974,3016527331,Dermatology,Hospital B,794 2JLVW Street,rb16q@example.com,+919506802897,95,,
286,Dr. 9A82U,LIC298,2200217358,Pediatrics,Hospital B,622 ZLHEX Street,ks5bj@example.com,+919611045636,91,,
287,Dr. 0K4QM,LIC131,INVALID,Cardiology,Hospital A,482 LY91R Street,41jcl@example.com,0000000000,76,Invalid NPI,
288,Dr. WDJI4,LIC522,6912203112,Neurology,Hospital B,375 1IGTS Street,ovifa@example.com,+918935650248,92,,
289,Dr. 5R0I7,LIC449,INVALID,Dermatology,Clinic X,370 UNBBZ Street,36dp0@example.com,+919668278587,79,Invalid NPI,
290,Dr. NQN2J,LIC887,1698372791,Pediatrics,Hospital A,640 VGPUS Street,xl5ho@example.com,+919316910839,88,,
291,Dr. HA9HP,LIC468,8534465878,Pediatrics,Hospital A,666 QQYWV Street,itgl7@example.com,0000000000,89,,
292,Dr. 7OMVY,LIC885,1289596662,Cardiology,Hospital A,783 7VMC5 Street,d43q8@example.com,+919139266829,73,,
293,Dr. RAPNW,LIC114,3012829456,Cardiology,Hospital B,411 RPYHR Street,ge16f@example.com,0000000000,95,,
294,Dr. 5UGW5,LIC557,4063792054,Dermatology,Clinic X,865 OEC26 Street,br5h7@example.com,+917625330969,71,,
295,Dr. YMGD1,LIC143,INVALID,Neurology,Hospital A,54 6W0F2 Street,of62r@example.com,+918619000478,85,Invalid NPI,
296,Dr. 288W3,LIC659,8140948092,Pediatrics,Clinic X,525 878AN Street,iuehc@example.com,+919293981102,95,,
297,Dr. HTWJE,LIC945,1330866302,Neurology,Hospital A,62 D7GL6 Street,74yeq@example.com,+918089793992,72,,
298,Dr. PGQQU,LIC773,INVALID,Dermatology,Hospital A,275 K3LSJ Street,hvr3v@example.com,+918920876974,90,Invalid NPI,
299,Dr. 0LSK1,LIC294,INVALID,Cardiology,Hospital B,614 HZTAZ Street,g52r3@example.com,+919189810121,93,Invalid NPI,
300,Dr. 2C9LH,INVALID,INVALID,Neurology,Clinic X,811 C0LV9 Street,7uxqg@example.com,+918924433844,96,Invalid NPI,
